candidate_id,destination_facility_id,destination_facility_name,source_facility_id,source_facility_name,medicine_code,medicine_name,current_stock,protected_reserve,transferable_surplus,distance_km,duration_hours,priority_rank
CND-PHC-BR-PAT-002-DH-BR-PAT-001-MED-PCM-SYR-1,PHC-BR-PAT-002,PHC Danapur,DH-BR-PAT-001,District Hospital Gardanibagh,MED-PCM-SYR,Paracetamol Paediatric Syrup,7406,1458,5948,11.1,0.28,1
CND-PHC-BR-PAT-002-DH-BR-GAY-001-MED-PCM-SYR-2,PHC-BR-PAT-002,PHC Danapur,DH-BR-GAY-001,Jay Prakash Narayan District Hospital Gaya,MED-PCM-SYR,Paracetamol Paediatric Syrup,4815,2034,2781,119.0,2.16,2
CND-PHC-BR-PAT-002-DH-UP-VAR-001-MED-PCM-SYR-3,PHC-BR-PAT-002,PHC Danapur,DH-UP-VAR-001,Pandit Deen Dayal Upadhyay District Hospital,MED-PCM-SYR,Paracetamol Paediatric Syrup,5172,2498,2674,267.3,4.86,3
CND-PHC-BR-PAT-002-CHC-BR-PAT-001-MED-PCM-SYR-4,PHC-BR-PAT-002,PHC Danapur,CHC-BR-PAT-001,CHC Phulwari Sharif,MED-PCM-SYR,Paracetamol Paediatric Syrup,1619,334,1285,8.8,0.22,4
CND-PHC-BR-PAT-002-PHC-BR-PAT-003-MED-PCM-SYR-5,PHC-BR-PAT-002,PHC Danapur,PHC-BR-PAT-003,PHC Bihta,MED-PCM-SYR,Paracetamol Paediatric Syrup,526,46,480,24.0,0.6,5
CND-PHC-BR-PAT-002-PHC-BR-PAT-004-MED-PCM-SYR-6,PHC-BR-PAT-002,PHC Danapur,PHC-BR-PAT-004,PHC Fatuha,MED-PCM-SYR,Paracetamol Paediatric Syrup,450,24,426,39.3,0.98,6
CND-PHC-BR-PAT-002-PHC-BR-PAT-005-MED-PCM-SYR-7,PHC-BR-PAT-002,PHC Danapur,PHC-BR-PAT-005,PHC Mokama,MED-PCM-SYR,Paracetamol Paediatric Syrup,521,52,469,118.1,2.95,7
CND-PHC-BR-PAT-002-PHC-BR-PAT-001-MED-PCM-SYR-8,PHC-BR-PAT-002,PHC Danapur,PHC-BR-PAT-001,PHC Bakhtiyarpur,MED-PCM-SYR,Paracetamol Paediatric Syrup,230,39,191,67.4,1.69,8
CND-PHC-BR-PAT-002-PHC-BR-GAY-003-MED-PCM-SYR-9,PHC-BR-PAT-002,PHC Danapur,PHC-BR-GAY-003,PHC Tekari,MED-PCM-SYR,Paracetamol Paediatric Syrup,161,23,138,103.2,1.88,9
CND-PHC-BR-PAT-002-PHC-BR-GAY-001-MED-PCM-SYR-10,PHC-BR-PAT-002,PHC Danapur,PHC-BR-GAY-001,PHC Bodh Gaya,MED-PCM-SYR,Paracetamol Paediatric Syrup,131,42,89,133.2,2.42,10
CND-PHC-BR-PAT-002-PHC-BR-GAY-002-MED-PCM-SYR-11,PHC-BR-PAT-002,PHC Danapur,PHC-BR-GAY-002,PHC Sherghati,MED-PCM-SYR,Paracetamol Paediatric Syrup,115,22,93,155.7,2.83,11
CND-PHC-BR-PAT-002-CHC-UP-VAR-001-MED-PCM-SYR-12,PHC-BR-PAT-002,PHC Danapur,CHC-UP-VAR-001,CHC Misirpur,MED-PCM-SYR,Paracetamol Paediatric Syrup,657,314,343,276.8,5.03,12
CND-PHC-BR-PAT-002-PHC-UP-VAR-001-MED-PCM-SYR-13,PHC-BR-PAT-002,PHC Danapur,PHC-UP-VAR-001,PHC Cholapur,MED-PCM-SYR,Paracetamol Paediatric Syrup,182,47,135,257.0,4.67,13
CND-PHC-BR-PAT-002-PHC-UP-VAR-003-MED-PCM-SYR-14,PHC-BR-PAT-002,PHC Danapur,PHC-UP-VAR-003,PHC Sevapuri,MED-PCM-SYR,Paracetamol Paediatric Syrup,188,26,162,293.7,5.34,14
CND-PHC-BR-PAT-002-PHC-UP-VAR-002-MED-PCM-SYR-15,PHC-BR-PAT-002,PHC Danapur,PHC-UP-VAR-002,PHC Pindra,MED-PCM-SYR,Paracetamol Paediatric Syrup,167,58,109,285.4,5.19,15
CND-PHC-BR-PAT-003-DH-BR-PAT-001-MED-IFA-TAB-1,PHC-BR-PAT-003,PHC Bihta,DH-BR-PAT-001,District Hospital Gardanibagh,MED-IFA-TAB,Iron & Folic Acid (IFA),9291,2499,6792,32.6,0.82,1
CND-PHC-BR-PAT-003-CHC-BR-PAT-001-MED-IFA-TAB-2,PHC-BR-PAT-003,PHC Bihta,CHC-BR-PAT-001,CHC Phulwari Sharif,MED-IFA-TAB,Iron & Folic Acid (IFA),2253,558,1695,27.1,0.68,2
CND-PHC-BR-PAT-003-PHC-BR-PAT-002-MED-IFA-TAB-3,PHC-BR-PAT-003,PHC Bihta,PHC-BR-PAT-002,PHC Danapur,MED-IFA-TAB,Iron & Folic Acid (IFA),1486,178,1308,24.0,0.6,3
CND-PHC-BR-PAT-003-PHC-BR-PAT-004-MED-IFA-TAB-4,PHC-BR-PAT-003,PHC Bihta,PHC-BR-PAT-004,PHC Fatuha,MED-IFA-TAB,Iron & Folic Acid (IFA),774,74,700,57.2,1.43,4
CND-PHC-BR-PAT-003-PHC-BR-PAT-001-MED-IFA-TAB-5,PHC-BR-PAT-003,PHC Bihta,PHC-BR-PAT-001,PHC Bakhtiyarpur,MED-IFA-TAB,Iron & Folic Acid (IFA),765,90,675,86.0,2.15,5
CND-PHC-BR-PAT-003-PHC-BR-PAT-005-MED-IFA-TAB-6,PHC-BR-PAT-003,PHC Bihta,PHC-BR-PAT-005,PHC Mokama,MED-IFA-TAB,Iron & Folic Acid (IFA),230,106,124,137.1,3.43,6
CND-PHC-BR-PAT-003-CHC-UP-VAR-001-MED-IFA-TAB-7,PHC-BR-PAT-003,PHC Bihta,CHC-UP-VAR-001,CHC Misirpur,MED-IFA-TAB,Iron & Folic Acid (IFA),1424,600,824,253.8,4.61,7
CND-PHC-BR-PAT-003-PHC-BR-GAY-003-MED-IFA-TAB-8,PHC-BR-PAT-003,PHC Bihta,PHC-BR-GAY-003,PHC Tekari,MED-IFA-TAB,Iron & Folic Acid (IFA),287,46,241,89.8,1.63,8
CND-PHC-BR-PAT-003-PHC-BR-GAY-002-MED-IFA-TAB-9,PHC-BR-PAT-003,PHC Bihta,PHC-BR-GAY-002,PHC Sherghati,MED-IFA-TAB,Iron & Folic Acid (IFA),164,68,96,142.7,2.59,9
CND-PHC-BR-PAT-003-PHC-UP-VAR-004-MED-IFA-TAB-10,PHC-BR-PAT-003,PHC Bihta,PHC-UP-VAR-004,PHC Kashi Vidyapeeth,MED-IFA-TAB,Iron & Folic Acid (IFA),560,191,369,247.2,4.49,10
CND-PHC-BR-PAT-003-PHC-UP-VAR-002-MED-IFA-TAB-11,PHC-BR-PAT-003,PHC Bihta,PHC-UP-VAR-002,PHC Pindra,MED-IFA-TAB,Iron & Folic Acid (IFA),454,148,306,263.3,4.79,11
CND-PHC-BR-PAT-003-PHC-UP-VAR-001-MED-IFA-TAB-12,PHC-BR-PAT-003,PHC Bihta,PHC-UP-VAR-001,PHC Cholapur,MED-IFA-TAB,Iron & Folic Acid (IFA),289,114,175,234.4,4.26,12
CND-PHC-BR-PAT-003-PHC-UP-VAR-003-MED-IFA-TAB-13,PHC-BR-PAT-003,PHC Bihta,PHC-UP-VAR-003,PHC Sevapuri,MED-IFA-TAB,Iron & Folic Acid (IFA),175,87,88,270.8,4.92,13
CND-PHC-BR-PAT-004-DH-BR-PAT-001-MED-IVF-NS500-1,PHC-BR-PAT-004,PHC Fatuha,DH-BR-PAT-001,District Hospital Gardanibagh,MED-IVF-NS500,Normal Saline (0.9% Sodium Chloride),3876,1220,2656,28.2,0.7,1
CND-PHC-BR-PAT-004-DH-BR-GAY-001-MED-IVF-NS500-2,PHC-BR-PAT-004,PHC Fatuha,DH-BR-GAY-001,Jay Prakash Narayan District Hospital Gaya,MED-IVF-NS500,Normal Saline (0.9% Sodium Chloride),3830,1731,2099,108.0,1.96,2
CND-PHC-BR-PAT-004-PHC-BR-PAT-002-MED-IVF-NS500-3,PHC-BR-PAT-004,PHC Fatuha,PHC-BR-PAT-002,PHC Danapur,MED-IVF-NS500,Normal Saline (0.9% Sodium Chloride),500,47,453,39.3,0.98,3
CND-PHC-BR-PAT-004-PHC-BR-PAT-001-MED-IVF-NS500-4,PHC-BR-PAT-004,PHC Fatuha,PHC-BR-PAT-001,PHC Bakhtiyarpur,MED-IVF-NS500,Normal Saline (0.9% Sodium Chloride),441,18,423,28.8,0.72,4
CND-PHC-BR-PAT-004-PHC-BR-PAT-003-MED-IVF-NS500-5,PHC-BR-PAT-004,PHC Fatuha,PHC-BR-PAT-003,PHC Bihta,MED-IVF-NS500,Normal Saline (0.9% Sodium Chloride),505,25,480,57.2,1.43,5
CND-PHC-BR-PAT-004-DH-UP-VAR-001-MED-IVF-NS500-6,PHC-BR-PAT-004,PHC Fatuha,DH-UP-VAR-001,Pandit Deen Dayal Upadhyay District Hospital,MED-IVF-NS500,Normal Saline (0.9% Sodium Chloride),3658,2154,1504,299.8,5.45,6
CND-PHC-BR-PAT-004-PHC-BR-PAT-005-MED-IVF-NS500-7,PHC-BR-PAT-004,PHC Fatuha,PHC-BR-PAT-005,PHC Mokama,MED-IVF-NS500,Normal Saline (0.9% Sodium Chloride),353,25,328,79.9,2.0,7
CND-PHC-BR-PAT-004-PHC-BR-GAY-001-MED-IVF-NS500-8,PHC-BR-PAT-004,PHC Fatuha,PHC-BR-GAY-001,PHC Bodh Gaya,MED-IVF-NS500,Normal Saline (0.9% Sodium Chloride),531,21,510,121.7,2.21,8
CND-PHC-BR-PAT-004-PHC-BR-GAY-003-MED-IVF-NS500-9,PHC-BR-PAT-004,PHC Fatuha,PHC-BR-GAY-003,PHC Tekari,MED-IVF-NS500,Normal Saline (0.9% Sodium Chloride),89,9,80,102.0,1.85,9
CND-PHC-BR-PAT-004-PHC-BR-GAY-002-MED-IVF-NS500-10,PHC-BR-PAT-004,PHC Fatuha,PHC-BR-GAY-002,PHC Sherghati,MED-IVF-NS500,Normal Saline (0.9% Sodium Chloride),144,12,132,149.7,2.72,10
CND-PHC-BR-PAT-004-PHC-UP-VAR-001-MED-IVF-NS500-11,PHC-BR-PAT-004,PHC Fatuha,PHC-UP-VAR-001,PHC Cholapur,MED-IVF-NS500,Normal Saline (0.9% Sodium Chloride),84,29,55,290.5,5.28,11
CND-PHC-BR-PAT-005-DH-BR-PAT-001-MED-MET-500-1,PHC-BR-PAT-005,PHC Mokama,DH-BR-PAT-001,District Hospital Gardanibagh,MED-MET-500,Metformin Hydrochloride,8098,2201,5897,107.0,2.67,1
CND-PHC-BR-PAT-005-DH-BR-GAY-001-MED-MET-500-2,PHC-BR-PAT-005,PHC Mokama,DH-BR-GAY-001,Jay Prakash Narayan District Hospital Gaya,MED-MET-500,Metformin Hydrochloride,5442,3058,2384,145.7,2.65,2
CND-PHC-BR-PAT-005-CHC-BR-PAT-001-MED-MET-500-3,PHC-BR-PAT-005,PHC Mokama,CHC-BR-PAT-001,CHC Phulwari Sharif,MED-MET-500,Metformin Hydrochloride,2281,510,1771,111.3,2.78,3
CND-PHC-BR-PAT-005-PHC-BR-PAT-003-MED-MET-500-4,PHC-BR-PAT-005,PHC Mokama,PHC-BR-PAT-003,PHC Bihta,MED-MET-500,Metformin Hydrochloride,880,89,791,137.1,3.43,4
CND-PHC-BR-PAT-005-PHC-BR-PAT-002-MED-MET-500-5,PHC-BR-PAT-005,PHC Mokama,PHC-BR-PAT-002,PHC Danapur,MED-MET-500,Metformin Hydrochloride,258,131,127,118.1,2.95,5
CND-PHC-BR-PAT-005-PHC-BR-PAT-004-MED-MET-500-6,PHC-BR-PAT-005,PHC Mokama,PHC-BR-PAT-004,PHC Fatuha,MED-MET-500,Metformin Hydrochloride,88,57,31,79.9,2.0,6
CND-PHC-BR-PAT-005-PHC-BR-GAY-001-MED-MET-500-7,PHC-BR-PAT-005,PHC Mokama,PHC-BR-GAY-001,PHC Bodh Gaya,MED-MET-500,Metformin Hydrochloride,255,84,171,155.4,2.83,7
CND-PHC-BR-PAT-005-PHC-BR-GAY-002-MED-MET-500-8,PHC-BR-PAT-005,PHC Mokama,PHC-BR-GAY-002,PHC Sherghati,MED-MET-500,Metformin Hydrochloride,183,54,129,187.6,3.41,8
CND-PHC-BR-PAT-005-DH-BR-PAT-001-MED-IVF-D5500-1,PHC-BR-PAT-005,PHC Mokama,DH-BR-PAT-001,District Hospital Gardanibagh,MED-IVF-D5500,Dextrose 5% in Water,2466,584,1882,107.0,2.67,1
CND-PHC-BR-PAT-005-CHC-BR-PAT-001-MED-IVF-D5500-2,PHC-BR-PAT-005,PHC Mokama,CHC-BR-PAT-001,CHC Phulwari Sharif,MED-IVF-D5500,Dextrose 5% in Water,735,79,656,111.3,2.78,2
CND-PHC-BR-PAT-005-PHC-BR-PAT-001-MED-IVF-D5500-3,PHC-BR-PAT-005,PHC Mokama,PHC-BR-PAT-001,PHC Bakhtiyarpur,MED-IVF-D5500,Dextrose 5% in Water,260,5,255,51.1,1.28,3
CND-PHC-BR-PAT-005-PHC-BR-PAT-003-MED-IVF-D5500-4,PHC-BR-PAT-005,PHC Mokama,PHC-BR-PAT-003,PHC Bihta,MED-IVF-D5500,Dextrose 5% in Water,256,5,251,137.1,3.43,4
CND-PHC-BR-PAT-005-PHC-BR-PAT-004-MED-IVF-D5500-5,PHC-BR-PAT-005,PHC Mokama,PHC-BR-PAT-004,PHC Fatuha,MED-IVF-D5500,Dextrose 5% in Water,23,5,18,79.9,2.0,5
CND-PHC-BR-PAT-005-PHC-BR-PAT-002-MED-IVF-D5500-6,PHC-BR-PAT-005,PHC Mokama,PHC-BR-PAT-002,PHC Danapur,MED-IVF-D5500,Dextrose 5% in Water,26,8,18,118.1,2.95,6
CND-PHC-BR-PAT-005-DH-BR-GAY-001-MED-IVF-D5500-7,PHC-BR-PAT-005,PHC Mokama,DH-BR-GAY-001,Jay Prakash Narayan District Hospital Gaya,MED-IVF-D5500,Dextrose 5% in Water,1176,850,326,145.7,2.65,7
CND-PHC-BR-PAT-005-PHC-BR-GAY-002-MED-IVF-D5500-8,PHC-BR-PAT-005,PHC Mokama,PHC-BR-GAY-002,PHC Sherghati,MED-IVF-D5500,Dextrose 5% in Water,154,5,149,187.6,3.41,8
CND-PHC-BR-PAT-005-PHC-BR-GAY-001-MED-IVF-D5500-9,PHC-BR-PAT-005,PHC Mokama,PHC-BR-GAY-001,PHC Bodh Gaya,MED-IVF-D5500,Dextrose 5% in Water,35,5,30,155.4,2.83,9
CND-PHC-BR-PAT-005-PHC-BR-GAY-003-MED-IVF-D5500-10,PHC-BR-PAT-005,PHC Mokama,PHC-BR-GAY-003,PHC Tekari,MED-IVF-D5500,Dextrose 5% in Water,20,5,15,154.9,2.82,10
CND-PHC-BR-PAT-005-PHC-BR-PAT-004-MED-ALB-400-1,PHC-BR-PAT-005,PHC Mokama,PHC-BR-PAT-004,PHC Fatuha,MED-ALB-400,Albendazole,231,5,226,79.9,2.0,1
CND-PHC-BR-PAT-005-PHC-BR-PAT-001-MED-ALB-400-2,PHC-BR-PAT-005,PHC Mokama,PHC-BR-PAT-001,PHC Bakhtiyarpur,MED-ALB-400,Albendazole,56,5,51,51.1,1.28,2
CND-PHC-BR-PAT-005-PHC-BR-PAT-003-MED-ALB-400-3,PHC-BR-PAT-005,PHC Mokama,PHC-BR-PAT-003,PHC Bihta,MED-ALB-400,Albendazole,241,5,236,137.1,3.43,3
CND-PHC-BR-PAT-005-PHC-BR-PAT-002-MED-ALB-400-4,PHC-BR-PAT-005,PHC Mokama,PHC-BR-PAT-002,PHC Danapur,MED-ALB-400,Albendazole,8,6,2,118.1,2.95,4
CND-PHC-BR-PAT-005-PHC-BR-GAY-001-MED-ALB-400-5,PHC-BR-PAT-005,PHC Mokama,PHC-BR-GAY-001,PHC Bodh Gaya,MED-ALB-400,Albendazole,287,5,282,155.4,2.83,5
CND-PHC-BR-PAT-005-PHC-BR-GAY-002-MED-ALB-400-6,PHC-BR-PAT-005,PHC Mokama,PHC-BR-GAY-002,PHC Sherghati,MED-ALB-400,Albendazole,205,5,200,187.6,3.41,6
CND-PHC-BR-PAT-005-PHC-BR-GAY-003-MED-ALB-400-7,PHC-BR-PAT-005,PHC Mokama,PHC-BR-GAY-003,PHC Tekari,MED-ALB-400,Albendazole,49,5,44,154.9,2.82,7
CND-CHC-BR-PAT-001-PHC-BR-PAT-002-MED-ZNC-20-1,CHC-BR-PAT-001,CHC Phulwari Sharif,PHC-BR-PAT-002,PHC Danapur,MED-ZNC-20,Zinc Sulfate Dispersible,685,71,614,8.8,0.22,1
CND-CHC-BR-PAT-001-PHC-BR-PAT-003-MED-ZNC-20-2,CHC-BR-PAT-001,CHC Phulwari Sharif,PHC-BR-PAT-003,PHC Bihta,MED-ZNC-20,Zinc Sulfate Dispersible,534,33,501,27.1,0.68,2
CND-CHC-BR-PAT-001-DH-UP-VAR-001-MED-ZNC-20-3,CHC-BR-PAT-001,CHC Phulwari Sharif,DH-UP-VAR-001,Pandit Deen Dayal Upadhyay District Hospital,MED-ZNC-20,Zinc Sulfate Dispersible,3769,2126,1643,271.5,4.94,3
CND-CHC-BR-PAT-001-PHC-BR-PAT-005-MED-ZNC-20-4,CHC-BR-PAT-001,CHC Phulwari Sharif,PHC-BR-PAT-005,PHC Mokama,MED-ZNC-20,Zinc Sulfate Dispersible,448,36,412,111.3,2.78,4
CND-CHC-BR-PAT-001-PHC-BR-PAT-004-MED-ZNC-20-5,CHC-BR-PAT-001,CHC Phulwari Sharif,PHC-BR-PAT-004,PHC Fatuha,MED-ZNC-20,Zinc Sulfate Dispersible,36,23,13,31.7,0.79,5
CND-CHC-BR-PAT-001-PHC-BR-GAY-001-MED-ZNC-20-6,CHC-BR-PAT-001,CHC Phulwari Sharif,PHC-BR-GAY-001,PHC Bodh Gaya,MED-ZNC-20,Zinc Sulfate Dispersible,571,27,544,126.5,2.3,6
CND-CHC-BR-PAT-001-PHC-BR-GAY-002-MED-ZNC-20-7,CHC-BR-PAT-001,CHC Phulwari Sharif,PHC-BR-GAY-002,PHC Sherghati,MED-ZNC-20,Zinc Sulfate Dispersible,457,23,434,149.9,2.73,7
CND-CHC-BR-PAT-001-PHC-BR-GAY-003-MED-ZNC-20-8,CHC-BR-PAT-001,CHC Phulwari Sharif,PHC-BR-GAY-003,PHC Tekari,MED-ZNC-20,Zinc Sulfate Dispersible,97,10,87,98.0,1.78,8
CND-CHC-BR-PAT-001-PHC-UP-VAR-004-MED-ZNC-20-9,CHC-BR-PAT-001,CHC Phulwari Sharif,PHC-UP-VAR-004,PHC Kashi Vidyapeeth,MED-ZNC-20,Zinc Sulfate Dispersible,354,74,280,274.3,4.99,9
CND-CHC-BR-PAT-001-PHC-UP-VAR-001-MED-ZNC-20-10,CHC-BR-PAT-001,CHC Phulwari Sharif,PHC-UP-VAR-001,PHC Cholapur,MED-ZNC-20,Zinc Sulfate Dispersible,134,34,100,261.5,4.75,10
CND-CHC-BR-PAT-001-PHC-UP-VAR-002-MED-ZNC-20-11,CHC-BR-PAT-001,CHC Phulwari Sharif,PHC-UP-VAR-002,PHC Pindra,MED-ZNC-20,Zinc Sulfate Dispersible,182,50,132,290.3,5.28,11
CND-CHC-BR-PAT-001-PHC-UP-VAR-003-MED-ZNC-20-12,CHC-BR-PAT-001,CHC Phulwari Sharif,PHC-UP-VAR-003,PHC Sevapuri,MED-ZNC-20,Zinc Sulfate Dispersible,166,18,148,297.9,5.42,12
CND-CHC-BR-PAT-001-DH-BR-PAT-001-MED-RAB-VAC-1,CHC-BR-PAT-001,CHC Phulwari Sharif,DH-BR-PAT-001,District Hospital Gardanibagh,MED-RAB-VAC,Anti-Rabies Vaccine (Cell Culture),1535,175,1360,5.9,0.15,1
CND-CHC-BR-PAT-001-PHC-BR-PAT-002-MED-RAB-VAC-2,CHC-BR-PAT-001,CHC Phulwari Sharif,PHC-BR-PAT-002,PHC Danapur,MED-RAB-VAC,Anti-Rabies Vaccine (Cell Culture),161,5,156,8.8,0.22,2
CND-CHC-BR-PAT-001-PHC-BR-PAT-004-MED-RAB-VAC-3,CHC-BR-PAT-001,CHC Phulwari Sharif,PHC-BR-PAT-004,PHC Fatuha,MED-RAB-VAC,Anti-Rabies Vaccine (Cell Culture),97,5,92,31.7,0.79,3
CND-CHC-BR-PAT-001-PHC-BR-PAT-003-MED-RAB-VAC-4,CHC-BR-PAT-001,CHC Phulwari Sharif,PHC-BR-PAT-003,PHC Bihta,MED-RAB-VAC,Anti-Rabies Vaccine (Cell Culture),34,5,29,27.1,0.68,4
CND-CHC-BR-PAT-001-PHC-BR-PAT-001-MED-RAB-VAC-5,CHC-BR-PAT-001,CHC Phulwari Sharif,PHC-BR-PAT-001,PHC Bakhtiyarpur,MED-RAB-VAC,Anti-Rabies Vaccine (Cell Culture),89,5,84,60.3,1.51,5
CND-CHC-BR-PAT-001-PHC-BR-PAT-005-MED-RAB-VAC-6,CHC-BR-PAT-001,CHC Phulwari Sharif,PHC-BR-PAT-005,PHC Mokama,MED-RAB-VAC,Anti-Rabies Vaccine (Cell Culture),14,5,9,111.3,2.78,6
CND-CHC-BR-PAT-001-DH-BR-GAY-001-MED-RAB-VAC-7,CHC-BR-PAT-001,CHC Phulwari Sharif,DH-BR-GAY-001,Jay Prakash Narayan District Hospital Gaya,MED-RAB-VAC,Anti-Rabies Vaccine (Cell Culture),391,292,99,112.2,2.04,7
CND-CHC-BR-PAT-001-PHC-BR-GAY-003-MED-RAB-VAC-8,CHC-BR-PAT-001,CHC Phulwari Sharif,PHC-BR-GAY-003,PHC Tekari,MED-RAB-VAC,Anti-Rabies Vaccine (Cell Culture),69,5,64,98.0,1.78,8
CND-CHC-BR-PAT-001-PHC-BR-GAY-001-MED-RAB-VAC-9,CHC-BR-PAT-001,CHC Phulwari Sharif,PHC-BR-GAY-001,PHC Bodh Gaya,MED-RAB-VAC,Anti-Rabies Vaccine (Cell Culture),76,5,71,126.5,2.3,9
CND-CHC-BR-PAT-001-DH-UP-VAR-001-MED-RAB-VAC-10,CHC-BR-PAT-001,CHC Phulwari Sharif,DH-UP-VAR-001,Pandit Deen Dayal Upadhyay District Hospital,MED-RAB-VAC,Anti-Rabies Vaccine (Cell Culture),851,342,509,271.5,4.94,10
CND-CHC-BR-PAT-001-PHC-BR-GAY-002-MED-RAB-VAC-11,CHC-BR-PAT-001,CHC Phulwari Sharif,PHC-BR-GAY-002,PHC Sherghati,MED-RAB-VAC,Anti-Rabies Vaccine (Cell Culture),21,5,16,149.9,2.73,11
CND-CHC-BR-PAT-001-PHC-UP-VAR-004-MED-RAB-VAC-12,CHC-BR-PAT-001,CHC Phulwari Sharif,PHC-UP-VAR-004,PHC Kashi Vidyapeeth,MED-RAB-VAC,Anti-Rabies Vaccine (Cell Culture),145,5,140,274.3,4.99,12
CND-CHC-BR-PAT-001-PHC-UP-VAR-001-MED-RAB-VAC-13,CHC-BR-PAT-001,CHC Phulwari Sharif,PHC-UP-VAR-001,PHC Cholapur,MED-RAB-VAC,Anti-Rabies Vaccine (Cell Culture),42,5,37,261.5,4.75,13
CND-CHC-BR-PAT-001-CHC-UP-VAR-001-MED-RAB-VAC-14,CHC-BR-PAT-001,CHC Phulwari Sharif,CHC-UP-VAR-001,CHC Misirpur,MED-RAB-VAC,Anti-Rabies Vaccine (Cell Culture),86,7,79,280.9,5.11,14
CND-CHC-BR-PAT-001-PHC-UP-VAR-003-MED-RAB-VAC-15,CHC-BR-PAT-001,CHC Phulwari Sharif,PHC-UP-VAR-003,PHC Sevapuri,MED-RAB-VAC,Anti-Rabies Vaccine (Cell Culture),17,5,12,297.9,5.42,15
CND-CHC-BR-PAT-001-DH-BR-PAT-001-MED-IVF-NS500-1,CHC-BR-PAT-001,CHC Phulwari Sharif,DH-BR-PAT-001,District Hospital Gardanibagh,MED-IVF-NS500,Normal Saline (0.9% Sodium Chloride),3876,1220,2656,5.9,0.15,1
CND-CHC-BR-PAT-001-DH-BR-GAY-001-MED-IVF-NS500-2,CHC-BR-PAT-001,CHC Phulwari Sharif,DH-BR-GAY-001,Jay Prakash Narayan District Hospital Gaya,MED-IVF-NS500,Normal Saline (0.9% Sodium Chloride),3830,1731,2099,112.2,2.04,2
CND-CHC-BR-PAT-001-PHC-BR-PAT-002-MED-IVF-NS500-3,CHC-BR-PAT-001,CHC Phulwari Sharif,PHC-BR-PAT-002,PHC Danapur,MED-IVF-NS500,Normal Saline (0.9% Sodium Chloride),500,47,453,8.8,0.22,3
CND-CHC-BR-PAT-001-PHC-BR-PAT-003-MED-IVF-NS500-4,CHC-BR-PAT-001,CHC Phulwari Sharif,PHC-BR-PAT-003,PHC Bihta,MED-IVF-NS500,Normal Saline (0.9% Sodium Chloride),505,25,480,27.1,0.68,4
CND-CHC-BR-PAT-001-PHC-BR-PAT-001-MED-IVF-NS500-5,CHC-BR-PAT-001,CHC Phulwari Sharif,PHC-BR-PAT-001,PHC Bakhtiyarpur,MED-IVF-NS500,Normal Saline (0.9% Sodium Chloride),441,18,423,60.3,1.51,5
CND-CHC-BR-PAT-001-DH-UP-VAR-001-MED-IVF-NS500-6,CHC-BR-PAT-001,CHC Phulwari Sharif,DH-UP-VAR-001,Pandit Deen Dayal Upadhyay District Hospital,MED-IVF-NS500,Normal Saline (0.9% Sodium Chloride),3658,2154,1504,271.5,4.94,6
CND-CHC-BR-PAT-001-PHC-BR-PAT-005-MED-IVF-NS500-7,CHC-BR-PAT-001,CHC Phulwari Sharif,PHC-BR-PAT-005,PHC Mokama,MED-IVF-NS500,Normal Saline (0.9% Sodium Chloride),353,25,328,111.3,2.78,7
CND-CHC-BR-PAT-001-PHC-BR-GAY-001-MED-IVF-NS500-8,CHC-BR-PAT-001,CHC Phulwari Sharif,PHC-BR-GAY-001,PHC Bodh Gaya,MED-IVF-NS500,Normal Saline (0.9% Sodium Chloride),531,21,510,126.5,2.3,8
CND-CHC-BR-PAT-001-PHC-BR-GAY-003-MED-IVF-NS500-9,CHC-BR-PAT-001,CHC Phulwari Sharif,PHC-BR-GAY-003,PHC Tekari,MED-IVF-NS500,Normal Saline (0.9% Sodium Chloride),89,9,80,98.0,1.78,9
CND-CHC-BR-PAT-001-PHC-BR-GAY-002-MED-IVF-NS500-10,CHC-BR-PAT-001,CHC Phulwari Sharif,PHC-BR-GAY-002,PHC Sherghati,MED-IVF-NS500,Normal Saline (0.9% Sodium Chloride),144,12,132,149.9,2.73,10
CND-CHC-BR-PAT-001-CHC-UP-VAR-001-MED-IVF-NS500-11,CHC-BR-PAT-001,CHC Phulwari Sharif,CHC-UP-VAR-001,CHC Misirpur,MED-IVF-NS500,Normal Saline (0.9% Sodium Chloride),558,258,300,280.9,5.11,11
CND-CHC-BR-PAT-001-PHC-UP-VAR-004-MED-IVF-NS500-12,CHC-BR-PAT-001,CHC Phulwari Sharif,PHC-UP-VAR-004,PHC Kashi Vidyapeeth,MED-IVF-NS500,Normal Saline (0.9% Sodium Chloride),289,55,234,274.3,4.99,12
CND-CHC-BR-PAT-001-PHC-UP-VAR-002-MED-IVF-NS500-13,CHC-BR-PAT-001,CHC Phulwari Sharif,PHC-UP-VAR-002,PHC Pindra,MED-IVF-NS500,Normal Saline (0.9% Sodium Chloride),313,44,269,290.3,5.28,13
CND-CHC-BR-PAT-001-PHC-UP-VAR-001-MED-IVF-NS500-14,CHC-BR-PAT-001,CHC Phulwari Sharif,PHC-UP-VAR-001,PHC Cholapur,MED-IVF-NS500,Normal Saline (0.9% Sodium Chloride),84,29,55,261.5,4.75,14
CND-CHC-BR-PAT-001-PHC-UP-VAR-003-MED-IVF-NS500-15,CHC-BR-PAT-001,CHC Phulwari Sharif,PHC-UP-VAR-003,PHC Sevapuri,MED-IVF-NS500,Normal Saline (0.9% Sodium Chloride),39,18,21,297.9,5.42,15
CND-DH-BR-PAT-001-DH-BR-GAY-001-MED-PCM-500-1,DH-BR-PAT-001,District Hospital Gardanibagh,DH-BR-GAY-001,Jay Prakash Narayan District Hospital Gaya,MED-PCM-500,Paracetamol,11738,5426,6312,115.6,2.1,1
CND-DH-BR-PAT-001-DH-UP-VAR-001-MED-PCM-500-2,DH-BR-PAT-001,District Hospital Gardanibagh,DH-UP-VAR-001,Pandit Deen Dayal Upadhyay District Hospital,MED-PCM-500,Paracetamol,11188,6070,5118,276.9,5.03,2
CND-DH-BR-PAT-001-CHC-BR-PAT-001-MED-PCM-500-3,DH-BR-PAT-001,District Hospital Gardanibagh,CHC-BR-PAT-001,CHC Phulwari Sharif,MED-PCM-500,Paracetamol,3144,1047,2097,5.9,0.15,3
CND-DH-BR-PAT-001-PHC-BR-PAT-004-MED-PCM-500-4,DH-BR-PAT-001,District Hospital Gardanibagh,PHC-BR-PAT-004,PHC Fatuha,MED-PCM-500,Paracetamol,1303,186,1117,28.2,0.7,4
CND-DH-BR-PAT-001-PHC-BR-PAT-003-MED-PCM-500-5,DH-BR-PAT-001,District Hospital Gardanibagh,PHC-BR-PAT-003,PHC Bihta,MED-PCM-500,Paracetamol,1367,255,1112,32.6,0.82,5
CND-DH-BR-PAT-001-PHC-BR-PAT-005-MED-PCM-500-6,DH-BR-PAT-001,District Hospital Gardanibagh,PHC-BR-PAT-005,PHC Mokama,MED-PCM-500,Paracetamol,1200,254,946,107.0,2.67,6
CND-DH-BR-PAT-001-PHC-BR-PAT-002-MED-PCM-500-7,DH-BR-PAT-001,District Hospital Gardanibagh,PHC-BR-PAT-002,PHC Danapur,MED-PCM-500,Paracetamol,673,350,323,11.1,0.28,7
CND-DH-BR-PAT-001-CHC-UP-VAR-001-MED-PCM-500-8,DH-BR-PAT-001,District Hospital Gardanibagh,CHC-UP-VAR-001,CHC Misirpur,MED-PCM-500,Paracetamol,2477,1029,1448,286.4,5.21,8
CND-DH-BR-PAT-001-PHC-BR-GAY-003-MED-PCM-500-9,DH-BR-PAT-001,District Hospital Gardanibagh,PHC-BR-GAY-003,PHC Tekari,MED-PCM-500,Paracetamol,346,140,206,102.4,1.86,9
CND-DH-BR-PAT-001-PHC-BR-GAY-001-MED-PCM-500-10,DH-BR-PAT-001,District Hospital Gardanibagh,PHC-BR-GAY-001,PHC Bodh Gaya,MED-PCM-500,Paracetamol,374,222,152,129.9,2.36,10
CND-DH-BR-PAT-001-PHC-UP-VAR-004-MED-PCM-500-11,DH-BR-PAT-001,District Hospital Gardanibagh,PHC-UP-VAR-004,PHC Kashi Vidyapeeth,MED-PCM-500,Paracetamol,885,345,540,279.8,5.09,11
CND-DH-BR-PAT-001-PHC-UP-VAR-001-MED-PCM-500-12,DH-BR-PAT-001,District Hospital Gardanibagh,PHC-UP-VAR-001,PHC Cholapur,MED-PCM-500,Paracetamol,715,253,462,266.8,4.85,12
CND-DH-BR-PAT-001-PHC-UP-VAR-002-MED-PCM-500-13,DH-BR-PAT-001,District Hospital Gardanibagh,PHC-UP-VAR-002,PHC Pindra,MED-PCM-500,Paracetamol,387,315,72,295.5,5.37,13
CND-DH-BR-PAT-001-DH-UP-VAR-001-MED-AMC-625-1,DH-BR-PAT-001,District Hospital Gardanibagh,DH-UP-VAR-001,Pandit Deen Dayal Upadhyay District Hospital,MED-AMC-625,Amoxicillin + Clavulanic Acid,4374,1919,2455,276.9,5.03,1
CND-DH-BR-PAT-001-PHC-BR-PAT-002-MED-AMC-625-2,DH-BR-PAT-001,District Hospital Gardanibagh,PHC-BR-PAT-002,PHC Danapur,MED-AMC-625,Amoxicillin + Clavulanic Acid,578,42,536,11.1,0.28,2
CND-DH-BR-PAT-001-PHC-BR-PAT-003-MED-AMC-625-3,DH-BR-PAT-001,District Hospital Gardanibagh,PHC-BR-PAT-003,PHC Bihta,MED-AMC-625,Amoxicillin + Clavulanic Acid,483,24,459,32.6,0.82,3
CND-DH-BR-PAT-001-PHC-BR-PAT-001-MED-AMC-625-4,DH-BR-PAT-001,District Hospital Gardanibagh,PHC-BR-PAT-001,PHC Bakhtiyarpur,MED-AMC-625,Amoxicillin + Clavulanic Acid,338,16,322,56.3,1.41,4
CND-DH-BR-PAT-001-PHC-BR-PAT-004-MED-AMC-625-5,DH-BR-PAT-001,District Hospital Gardanibagh,PHC-BR-PAT-004,PHC Fatuha,MED-AMC-625,Amoxicillin + Clavulanic Acid,82,15,67,28.2,0.7,5
CND-DH-BR-PAT-001-PHC-BR-PAT-005-MED-AMC-625-6,DH-BR-PAT-001,District Hospital Gardanibagh,PHC-BR-PAT-005,PHC Mokama,MED-AMC-625,Amoxicillin + Clavulanic Acid,71,24,47,107.0,2.67,6
CND-DH-BR-PAT-001-PHC-BR-GAY-003-MED-AMC-625-7,DH-BR-PAT-001,District Hospital Gardanibagh,PHC-BR-GAY-003,PHC Tekari,MED-AMC-625,Amoxicillin + Clavulanic Acid,356,6,350,102.4,1.86,7
CND-DH-BR-PAT-001-PHC-BR-GAY-001-MED-AMC-625-8,DH-BR-PAT-001,District Hospital Gardanibagh,PHC-BR-GAY-001,PHC Bodh Gaya,MED-AMC-625,Amoxicillin + Clavulanic Acid,197,15,182,129.9,2.36,8
CND-DH-BR-PAT-001-PHC-BR-GAY-002-MED-AMC-625-9,DH-BR-PAT-001,District Hospital Gardanibagh,PHC-BR-GAY-002,PHC Sherghati,MED-AMC-625,Amoxicillin + Clavulanic Acid,135,9,126,154.0,2.8,9
CND-DH-BR-PAT-001-CHC-UP-VAR-001-MED-AMC-625-10,DH-BR-PAT-001,District Hospital Gardanibagh,CHC-UP-VAR-001,CHC Misirpur,MED-AMC-625,Amoxicillin + Clavulanic Acid,452,219,233,286.4,5.21,10
CND-DH-BR-PAT-001-PHC-UP-VAR-001-MED-AMC-625-11,DH-BR-PAT-001,District Hospital Gardanibagh,PHC-UP-VAR-001,PHC Cholapur,MED-AMC-625,Amoxicillin + Clavulanic Acid,143,18,125,266.8,4.85,11
CND-DH-BR-PAT-001-PHC-UP-VAR-002-MED-AMC-625-12,DH-BR-PAT-001,District Hospital Gardanibagh,PHC-UP-VAR-002,PHC Pindra,MED-AMC-625,Amoxicillin + Clavulanic Acid,214,31,183,295.5,5.37,12
CND-DH-BR-PAT-001-PHC-UP-VAR-004-MED-AMC-625-13,DH-BR-PAT-001,District Hospital Gardanibagh,PHC-UP-VAR-004,PHC Kashi Vidyapeeth,MED-AMC-625,Amoxicillin + Clavulanic Acid,67,57,10,279.8,5.09,13
CND-DH-BR-PAT-001-PHC-BR-PAT-002-MED-ZNC-20-1,DH-BR-PAT-001,District Hospital Gardanibagh,PHC-BR-PAT-002,PHC Danapur,MED-ZNC-20,Zinc Sulfate Dispersible,685,71,614,11.1,0.28,1
CND-DH-BR-PAT-001-PHC-BR-PAT-003-MED-ZNC-20-2,DH-BR-PAT-001,District Hospital Gardanibagh,PHC-BR-PAT-003,PHC Bihta,MED-ZNC-20,Zinc Sulfate Dispersible,534,33,501,32.6,0.82,2
CND-DH-BR-PAT-001-DH-UP-VAR-001-MED-ZNC-20-3,DH-BR-PAT-001,District Hospital Gardanibagh,DH-UP-VAR-001,Pandit Deen Dayal Upadhyay District Hospital,MED-ZNC-20,Zinc Sulfate Dispersible,3769,2126,1643,276.9,5.03,3
CND-DH-BR-PAT-001-PHC-BR-PAT-005-MED-ZNC-20-4,DH-BR-PAT-001,District Hospital Gardanibagh,PHC-BR-PAT-005,PHC Mokama,MED-ZNC-20,Zinc Sulfate Dispersible,448,36,412,107.0,2.67,4
CND-DH-BR-PAT-001-PHC-BR-PAT-004-MED-ZNC-20-5,DH-BR-PAT-001,District Hospital Gardanibagh,PHC-BR-PAT-004,PHC Fatuha,MED-ZNC-20,Zinc Sulfate Dispersible,36,23,13,28.2,0.7,5
CND-DH-BR-PAT-001-PHC-BR-GAY-001-MED-ZNC-20-6,DH-BR-PAT-001,District Hospital Gardanibagh,PHC-BR-GAY-001,PHC Bodh Gaya,MED-ZNC-20,Zinc Sulfate Dispersible,571,27,544,129.9,2.36,6
CND-DH-BR-PAT-001-PHC-BR-GAY-002-MED-ZNC-20-7,DH-BR-PAT-001,District Hospital Gardanibagh,PHC-BR-GAY-002,PHC Sherghati,MED-ZNC-20,Zinc Sulfate Dispersible,457,23,434,154.0,2.8,7
CND-DH-BR-PAT-001-PHC-BR-GAY-003-MED-ZNC-20-8,DH-BR-PAT-001,District Hospital Gardanibagh,PHC-BR-GAY-003,PHC Tekari,MED-ZNC-20,Zinc Sulfate Dispersible,97,10,87,102.4,1.86,8
CND-DH-BR-PAT-001-PHC-UP-VAR-004-MED-ZNC-20-9,DH-BR-PAT-001,District Hospital Gardanibagh,PHC-UP-VAR-004,PHC Kashi Vidyapeeth,MED-ZNC-20,Zinc Sulfate Dispersible,354,74,280,279.8,5.09,9
CND-DH-BR-PAT-001-PHC-UP-VAR-001-MED-ZNC-20-10,DH-BR-PAT-001,District Hospital Gardanibagh,PHC-UP-VAR-001,PHC Cholapur,MED-ZNC-20,Zinc Sulfate Dispersible,134,34,100,266.8,4.85,10
CND-DH-BR-PAT-001-PHC-UP-VAR-002-MED-ZNC-20-11,DH-BR-PAT-001,District Hospital Gardanibagh,PHC-UP-VAR-002,PHC Pindra,MED-ZNC-20,Zinc Sulfate Dispersible,182,50,132,295.5,5.37,11
CND-DH-BR-PAT-001-CHC-BR-PAT-001-MED-CTX-1G-1,DH-BR-PAT-001,District Hospital Gardanibagh,CHC-BR-PAT-001,CHC Phulwari Sharif,MED-CTX-1G,Ceftriaxone,616,46,570,5.9,0.15,1
CND-DH-BR-PAT-001-PHC-BR-PAT-002-MED-CTX-1G-2,DH-BR-PAT-001,District Hospital Gardanibagh,PHC-BR-PAT-002,PHC Danapur,MED-CTX-1G,Ceftriaxone,123,5,118,11.1,0.28,2
CND-DH-BR-PAT-001-PHC-BR-PAT-003-MED-CTX-1G-3,DH-BR-PAT-001,District Hospital Gardanibagh,PHC-BR-PAT-003,PHC Bihta,MED-CTX-1G,Ceftriaxone,139,5,134,32.6,0.82,3
CND-DH-BR-PAT-001-PHC-BR-PAT-004-MED-CTX-1G-4,DH-BR-PAT-001,District Hospital Gardanibagh,PHC-BR-PAT-004,PHC Fatuha,MED-CTX-1G,Ceftriaxone,24,5,19,28.2,0.7,4
CND-DH-BR-PAT-001-PHC-BR-PAT-001-MED-CTX-1G-5,DH-BR-PAT-001,District Hospital Gardanibagh,PHC-BR-PAT-001,PHC Bakhtiyarpur,MED-CTX-1G,Ceftriaxone,74,5,69,56.3,1.41,5
CND-DH-BR-PAT-001-PHC-BR-PAT-005-MED-CTX-1G-6,DH-BR-PAT-001,District Hospital Gardanibagh,PHC-BR-PAT-005,PHC Mokama,MED-CTX-1G,Ceftriaxone,174,5,169,107.0,2.67,6
CND-DH-BR-PAT-001-DH-UP-VAR-001-MED-CTX-1G-7,DH-BR-PAT-001,District Hospital Gardanibagh,DH-UP-VAR-001,Pandit Deen Dayal Upadhyay District Hospital,MED-CTX-1G,Ceftriaxone,1864,718,1146,276.9,5.03,7
CND-DH-BR-PAT-001-PHC-BR-GAY-003-MED-CTX-1G-8,DH-BR-PAT-001,District Hospital Gardanibagh,PHC-BR-GAY-003,PHC Tekari,MED-CTX-1G,Ceftriaxone,93,5,88,102.4,1.86,8
CND-DH-BR-PAT-001-PHC-BR-GAY-002-MED-CTX-1G-9,DH-BR-PAT-001,District Hospital Gardanibagh,PHC-BR-GAY-002,PHC Sherghati,MED-CTX-1G,Ceftriaxone,175,5,170,154.0,2.8,9
CND-DH-BR-PAT-001-PHC-UP-VAR-004-MED-CTX-1G-10,DH-BR-PAT-001,District Hospital Gardanibagh,PHC-UP-VAR-004,PHC Kashi Vidyapeeth,MED-CTX-1G,Ceftriaxone,297,5,292,279.8,5.09,10
CND-DH-BR-PAT-001-CHC-UP-VAR-001-MED-CTX-1G-11,DH-BR-PAT-001,District Hospital Gardanibagh,CHC-UP-VAR-001,CHC Misirpur,MED-CTX-1G,Ceftriaxone,296,46,250,286.4,5.21,11
CND-DH-BR-PAT-001-PHC-UP-VAR-001-MED-CTX-1G-12,DH-BR-PAT-001,District Hospital Gardanibagh,PHC-UP-VAR-001,PHC Cholapur,MED-CTX-1G,Ceftriaxone,61,5,56,266.8,4.85,12
CND-DH-BR-PAT-001-PHC-UP-VAR-002-MED-CTX-1G-13,DH-BR-PAT-001,District Hospital Gardanibagh,PHC-UP-VAR-002,PHC Pindra,MED-CTX-1G,Ceftriaxone,9,5,4,295.5,5.37,13
CND-DH-BR-PAT-001-DH-BR-GAY-001-MED-IVF-RL500-1,DH-BR-PAT-001,District Hospital Gardanibagh,DH-BR-GAY-001,Jay Prakash Narayan District Hospital Gaya,MED-IVF-RL500,Ringer's Lactate (Compound Sodium Lactate),3114,1329,1785,115.6,2.1,1
CND-DH-BR-PAT-001-DH-UP-VAR-001-MED-IVF-RL500-2,DH-BR-PAT-001,District Hospital Gardanibagh,DH-UP-VAR-001,Pandit Deen Dayal Upadhyay District Hospital,MED-IVF-RL500,Ringer's Lactate (Compound Sodium Lactate),3359,1504,1855,276.9,5.03,2
CND-DH-BR-PAT-001-PHC-BR-PAT-002-MED-IVF-RL500-3,DH-BR-PAT-001,District Hospital Gardanibagh,PHC-BR-PAT-002,PHC Danapur,MED-IVF-RL500,Ringer's Lactate (Compound Sodium Lactate),564,27,537,11.1,0.28,3
CND-DH-BR-PAT-001-PHC-BR-PAT-003-MED-IVF-RL500-4,DH-BR-PAT-001,District Hospital Gardanibagh,PHC-BR-PAT-003,PHC Bihta,MED-IVF-RL500,Ringer's Lactate (Compound Sodium Lactate),377,16,361,32.6,0.82,4
CND-DH-BR-PAT-001-PHC-BR-PAT-004-MED-IVF-RL500-5,DH-BR-PAT-001,District Hospital Gardanibagh,PHC-BR-PAT-004,PHC Fatuha,MED-IVF-RL500,Ringer's Lactate (Compound Sodium Lactate),294,11,283,28.2,0.7,5
CND-DH-BR-PAT-001-CHC-BR-PAT-001-MED-IVF-RL500-6,DH-BR-PAT-001,District Hospital Gardanibagh,CHC-BR-PAT-001,CHC Phulwari Sharif,MED-IVF-RL500,Ringer's Lactate (Compound Sodium Lactate),261,181,80,5.9,0.15,6
CND-DH-BR-PAT-001-PHC-BR-PAT-001-MED-IVF-RL500-7,DH-BR-PAT-001,District Hospital Gardanibagh,PHC-BR-PAT-001,PHC Bakhtiyarpur,MED-IVF-RL500,Ringer's Lactate (Compound Sodium Lactate),42,6,36,56.3,1.41,7
CND-DH-BR-PAT-001-PHC-BR-PAT-005-MED-IVF-RL500-8,DH-BR-PAT-001,District Hospital Gardanibagh,PHC-BR-PAT-005,PHC Mokama,MED-IVF-RL500,Ringer's Lactate (Compound Sodium Lactate),20,15,5,107.0,2.67,8
CND-DH-BR-PAT-001-PHC-BR-GAY-002-MED-IVF-RL500-9,DH-BR-PAT-001,District Hospital Gardanibagh,PHC-BR-GAY-002,PHC Sherghati,MED-IVF-RL500,Ringer's Lactate (Compound Sodium Lactate),386,6,380,154.0,2.8,9
CND-DH-BR-PAT-001-PHC-BR-GAY-003-MED-IVF-RL500-10,DH-BR-PAT-001,District Hospital Gardanibagh,PHC-BR-GAY-003,PHC Tekari,MED-IVF-RL500,Ringer's Lactate (Compound Sodium Lactate),94,5,89,102.4,1.86,10
CND-DH-BR-PAT-001-CHC-UP-VAR-001-MED-IVF-RL500-11,DH-BR-PAT-001,District Hospital Gardanibagh,CHC-UP-VAR-001,CHC Misirpur,MED-IVF-RL500,Ringer's Lactate (Compound Sodium Lactate),629,170,459,286.4,5.21,11
CND-DH-BR-PAT-001-PHC-UP-VAR-001-MED-IVF-RL500-12,DH-BR-PAT-001,District Hospital Gardanibagh,PHC-UP-VAR-001,PHC Cholapur,MED-IVF-RL500,Ringer's Lactate (Compound Sodium Lactate),416,12,404,266.8,4.85,12
CND-DH-BR-PAT-001-PHC-UP-VAR-002-MED-IVF-RL500-13,DH-BR-PAT-001,District Hospital Gardanibagh,PHC-UP-VAR-002,PHC Pindra,MED-IVF-RL500,Ringer's Lactate (Compound Sodium Lactate),160,21,139,295.5,5.37,13
CND-DH-BR-PAT-001-PHC-UP-VAR-004-MED-IVF-RL500-14,DH-BR-PAT-001,District Hospital Gardanibagh,PHC-UP-VAR-004,PHC Kashi Vidyapeeth,MED-IVF-RL500,Ringer's Lactate (Compound Sodium Lactate),113,43,70,279.8,5.09,14
CND-DH-BR-PAT-001-PHC-BR-PAT-004-MED-ALB-400-1,DH-BR-PAT-001,District Hospital Gardanibagh,PHC-BR-PAT-004,PHC Fatuha,MED-ALB-400,Albendazole,231,5,226,28.2,0.7,1
CND-DH-BR-PAT-001-PHC-BR-PAT-003-MED-ALB-400-2,DH-BR-PAT-001,District Hospital Gardanibagh,PHC-BR-PAT-003,PHC Bihta,MED-ALB-400,Albendazole,241,5,236,32.6,0.82,2
CND-DH-BR-PAT-001-PHC-BR-PAT-002-MED-ALB-400-3,DH-BR-PAT-001,District Hospital Gardanibagh,PHC-BR-PAT-002,PHC Danapur,MED-ALB-400,Albendazole,8,6,2,11.1,0.28,3
CND-DH-BR-PAT-001-PHC-BR-PAT-001-MED-ALB-400-4,DH-BR-PAT-001,District Hospital Gardanibagh,PHC-BR-PAT-001,PHC Bakhtiyarpur,MED-ALB-400,Albendazole,56,5,51,56.3,1.41,4
CND-DH-BR-PAT-001-PHC-BR-GAY-001-MED-ALB-400-5,DH-BR-PAT-001,District Hospital Gardanibagh,PHC-BR-GAY-001,PHC Bodh Gaya,MED-ALB-400,Albendazole,287,5,282,129.9,2.36,5
CND-DH-BR-PAT-001-PHC-BR-GAY-002-MED-ALB-400-6,DH-BR-PAT-001,District Hospital Gardanibagh,PHC-BR-GAY-002,PHC Sherghati,MED-ALB-400,Albendazole,205,5,200,154.0,2.8,6
CND-DH-BR-PAT-001-PHC-BR-GAY-003-MED-ALB-400-7,DH-BR-PAT-001,District Hospital Gardanibagh,PHC-BR-GAY-003,PHC Tekari,MED-ALB-400,Albendazole,49,5,44,102.4,1.86,7
CND-DH-BR-PAT-001-DH-UP-VAR-001-MED-ALB-400-8,DH-BR-PAT-001,District Hospital Gardanibagh,DH-UP-VAR-001,Pandit Deen Dayal Upadhyay District Hospital,MED-ALB-400,Albendazole,1226,996,230,276.9,5.03,8
CND-DH-BR-PAT-001-PHC-UP-VAR-001-MED-ALB-400-9,DH-BR-PAT-001,District Hospital Gardanibagh,PHC-UP-VAR-001,PHC Cholapur,MED-ALB-400,Albendazole,82,5,77,266.8,4.85,9
CND-DH-BR-PAT-001-CHC-UP-VAR-001-MED-ALB-400-10,DH-BR-PAT-001,District Hospital Gardanibagh,CHC-UP-VAR-001,CHC Misirpur,MED-ALB-400,Albendazole,116,89,27,286.4,5.21,10
CND-DH-BR-PAT-001-PHC-UP-VAR-004-MED-ALB-400-11,DH-BR-PAT-001,District Hospital Gardanibagh,PHC-UP-VAR-004,PHC Kashi Vidyapeeth,MED-ALB-400,Albendazole,14,11,3,279.8,5.09,11
CND-PHC-BR-GAY-001-PHC-BR-GAY-002-MED-CTX-1G-1,PHC-BR-GAY-001,PHC Bodh Gaya,PHC-BR-GAY-002,PHC Sherghati,MED-CTX-1G,Ceftriaxone,175,5,170,32.3,0.81,1
CND-PHC-BR-GAY-001-PHC-BR-GAY-003-MED-CTX-1G-2,PHC-BR-GAY-001,PHC Bodh Gaya,PHC-BR-GAY-003,PHC Tekari,MED-CTX-1G,Ceftriaxone,93,5,88,39.4,0.98,2
CND-PHC-BR-GAY-001-DH-UP-VAR-001-MED-CTX-1G-3,PHC-BR-GAY-001,PHC Bodh Gaya,DH-UP-VAR-001,Pandit Deen Dayal Upadhyay District Hospital,MED-CTX-1G,Ceftriaxone,1864,718,1146,274.3,4.99,3
CND-PHC-BR-GAY-001-CHC-BR-PAT-001-MED-CTX-1G-4,PHC-BR-GAY-001,PHC Bodh Gaya,CHC-BR-PAT-001,CHC Phulwari Sharif,MED-CTX-1G,Ceftriaxone,616,46,570,126.5,2.3,4
CND-PHC-BR-GAY-001-PHC-BR-PAT-003-MED-CTX-1G-5,PHC-BR-GAY-001,PHC Bodh Gaya,PHC-BR-PAT-003,PHC Bihta,MED-CTX-1G,Ceftriaxone,139,5,134,124.1,2.26,5
CND-PHC-BR-GAY-001-PHC-BR-PAT-005-MED-CTX-1G-6,PHC-BR-GAY-001,PHC Bodh Gaya,PHC-BR-PAT-005,PHC Mokama,MED-CTX-1G,Ceftriaxone,174,5,169,155.4,2.83,6
CND-PHC-BR-GAY-001-PHC-BR-PAT-002-MED-CTX-1G-7,PHC-BR-GAY-001,PHC Bodh Gaya,PHC-BR-PAT-002,PHC Danapur,MED-CTX-1G,Ceftriaxone,123,5,118,133.2,2.42,7
CND-PHC-BR-GAY-001-PHC-BR-PAT-001-MED-CTX-1G-8,PHC-BR-GAY-001,PHC Bodh Gaya,PHC-BR-PAT-001,PHC Bakhtiyarpur,MED-CTX-1G,Ceftriaxone,74,5,69,129.2,2.35,8
CND-PHC-BR-GAY-001-PHC-BR-PAT-004-MED-CTX-1G-9,PHC-BR-GAY-001,PHC Bodh Gaya,PHC-BR-PAT-004,PHC Fatuha,MED-CTX-1G,Ceftriaxone,24,5,19,121.7,2.21,9
CND-PHC-BR-GAY-001-PHC-UP-VAR-004-MED-CTX-1G-10,PHC-BR-GAY-001,PHC Bodh Gaya,PHC-UP-VAR-004,PHC Kashi Vidyapeeth,MED-CTX-1G,Ceftriaxone,297,5,292,274.1,4.98,10
CND-PHC-BR-GAY-001-CHC-UP-VAR-001-MED-CTX-1G-11,PHC-BR-GAY-001,PHC Bodh Gaya,CHC-UP-VAR-001,CHC Misirpur,MED-CTX-1G,Ceftriaxone,296,46,250,283.7,5.16,11
CND-PHC-BR-GAY-001-PHC-UP-VAR-001-MED-CTX-1G-12,PHC-BR-GAY-001,PHC Bodh Gaya,PHC-UP-VAR-001,PHC Cholapur,MED-CTX-1G,Ceftriaxone,61,5,56,271.8,4.94,12
CND-PHC-BR-GAY-001-PHC-UP-VAR-003-MED-CTX-1G-13,PHC-BR-GAY-001,PHC Bodh Gaya,PHC-UP-VAR-003,PHC Sevapuri,MED-CTX-1G,Ceftriaxone,81,5,76,298.7,5.43,13
CND-PHC-BR-GAY-001-DH-BR-GAY-001-MED-IVF-RL500-1,PHC-BR-GAY-001,PHC Bodh Gaya,DH-BR-GAY-001,Jay Prakash Narayan District Hospital Gaya,MED-IVF-RL500,Ringer's Lactate (Compound Sodium Lactate),3114,1329,1785,14.3,0.36,1
CND-PHC-BR-GAY-001-DH-UP-VAR-001-MED-IVF-RL500-2,PHC-BR-GAY-001,PHC Bodh Gaya,DH-UP-VAR-001,Pandit Deen Dayal Upadhyay District Hospital,MED-IVF-RL500,Ringer's Lactate (Compound Sodium Lactate),3359,1504,1855,274.3,4.99,2
CND-PHC-BR-GAY-001-PHC-BR-GAY-002-MED-IVF-RL500-3,PHC-BR-GAY-001,PHC Bodh Gaya,PHC-BR-GAY-002,PHC Sherghati,MED-IVF-RL500,Ringer's Lactate (Compound Sodium Lactate),386,6,380,32.3,0.81,3
CND-PHC-BR-GAY-001-PHC-BR-GAY-003-MED-IVF-RL500-4,PHC-BR-GAY-001,PHC Bodh Gaya,PHC-BR-GAY-003,PHC Tekari,MED-IVF-RL500,Ringer's Lactate (Compound Sodium Lactate),94,5,89,39.4,0.98,4
CND-PHC-BR-GAY-001-PHC-BR-PAT-002-MED-IVF-RL500-5,PHC-BR-GAY-001,PHC Bodh Gaya,PHC-BR-PAT-002,PHC Danapur,MED-IVF-RL500,Ringer's Lactate (Compound Sodium Lactate),564,27,537,133.2,2.42,5
CND-PHC-BR-GAY-001-PHC-BR-PAT-003-MED-IVF-RL500-6,PHC-BR-GAY-001,PHC Bodh Gaya,PHC-BR-PAT-003,PHC Bihta,MED-IVF-RL500,Ringer's Lactate (Compound Sodium Lactate),377,16,361,124.1,2.26,6
CND-PHC-BR-GAY-001-PHC-BR-PAT-004-MED-IVF-RL500-7,PHC-BR-GAY-001,PHC Bodh Gaya,PHC-BR-PAT-004,PHC Fatuha,MED-IVF-RL500,Ringer's Lactate (Compound Sodium Lactate),294,11,283,121.7,2.21,7
CND-PHC-BR-GAY-001-CHC-BR-PAT-001-MED-IVF-RL500-8,PHC-BR-GAY-001,PHC Bodh Gaya,CHC-BR-PAT-001,CHC Phulwari Sharif,MED-IVF-RL500,Ringer's Lactate (Compound Sodium Lactate),261,181,80,126.5,2.3,8
CND-PHC-BR-GAY-001-PHC-BR-PAT-001-MED-IVF-RL500-9,PHC-BR-GAY-001,PHC Bodh Gaya,PHC-BR-PAT-001,PHC Bakhtiyarpur,MED-IVF-RL500,Ringer's Lactate (Compound Sodium Lactate),42,6,36,129.2,2.35,9
CND-PHC-BR-GAY-001-CHC-UP-VAR-001-MED-IVF-RL500-10,PHC-BR-GAY-001,PHC Bodh Gaya,CHC-UP-VAR-001,CHC Misirpur,MED-IVF-RL500,Ringer's Lactate (Compound Sodium Lactate),629,170,459,283.7,5.16,10
CND-PHC-BR-GAY-001-PHC-UP-VAR-001-MED-IVF-RL500-11,PHC-BR-GAY-001,PHC Bodh Gaya,PHC-UP-VAR-001,PHC Cholapur,MED-IVF-RL500,Ringer's Lactate (Compound Sodium Lactate),416,12,404,271.8,4.94,11
CND-PHC-BR-GAY-001-PHC-BR-PAT-005-MED-IVF-RL500-12,PHC-BR-GAY-001,PHC Bodh Gaya,PHC-BR-PAT-005,PHC Mokama,MED-IVF-RL500,Ringer's Lactate (Compound Sodium Lactate),20,15,5,155.4,2.83,12
CND-PHC-BR-GAY-001-PHC-UP-VAR-004-MED-IVF-RL500-13,PHC-BR-GAY-001,PHC Bodh Gaya,PHC-UP-VAR-004,PHC Kashi Vidyapeeth,MED-IVF-RL500,Ringer's Lactate (Compound Sodium Lactate),113,43,70,274.1,4.98,13
CND-PHC-BR-GAY-002-PHC-BR-GAY-001-MED-OXY-AMP-1,PHC-BR-GAY-002,PHC Sherghati,PHC-BR-GAY-001,PHC Bodh Gaya,MED-OXY-AMP,Oxytocin,161,5,156,32.3,0.81,1
CND-PHC-BR-GAY-002-DH-BR-GAY-001-MED-OXY-AMP-2,PHC-BR-GAY-002,PHC Sherghati,DH-BR-GAY-001,Jay Prakash Narayan District Hospital Gaya,MED-OXY-AMP,Oxytocin,587,492,95,43.1,1.08,2
CND-PHC-BR-GAY-002-PHC-BR-GAY-003-MED-OXY-AMP-3,PHC-BR-GAY-002,PHC Sherghati,PHC-BR-GAY-003,PHC Tekari,MED-OXY-AMP,Oxytocin,51,5,46,52.9,1.32,3
CND-PHC-BR-GAY-002-CHC-BR-PAT-001-MED-OXY-AMP-4,PHC-BR-GAY-002,PHC Sherghati,CHC-BR-PAT-001,CHC Phulwari Sharif,MED-OXY-AMP,Oxytocin,601,26,575,149.9,2.73,4
CND-PHC-BR-GAY-002-PHC-BR-PAT-003-MED-OXY-AMP-5,PHC-BR-GAY-002,PHC Sherghati,PHC-BR-PAT-003,PHC Bihta,MED-OXY-AMP,Oxytocin,177,5,172,142.7,2.59,5
CND-PHC-BR-GAY-002-CHC-UP-VAR-001-MED-OXY-AMP-6,PHC-BR-GAY-002,PHC Sherghati,CHC-UP-VAR-001,CHC Misirpur,MED-OXY-AMP,Oxytocin,548,29,519,266.8,4.85,6
CND-PHC-BR-GAY-002-DH-UP-VAR-001-MED-OXY-AMP-7,PHC-BR-GAY-002,PHC Sherghati,DH-UP-VAR-001,Pandit Deen Dayal Upadhyay District Hospital,MED-OXY-AMP,Oxytocin,1037,550,487,257.7,4.69,7
CND-PHC-BR-GAY-002-PHC-BR-PAT-004-MED-OXY-AMP-8,PHC-BR-GAY-002,PHC Sherghati,PHC-BR-PAT-004,PHC Fatuha,MED-OXY-AMP,Oxytocin,112,5,107,149.7,2.72,8
CND-PHC-BR-GAY-002-PHC-BR-PAT-001-MED-OXY-AMP-9,PHC-BR-GAY-002,PHC Sherghati,PHC-BR-PAT-001,PHC Bakhtiyarpur,MED-OXY-AMP,Oxytocin,127,5,122,159.7,2.9,9
CND-PHC-BR-GAY-002-PHC-BR-PAT-005-MED-OXY-AMP-10,PHC-BR-GAY-002,PHC Sherghati,PHC-BR-PAT-005,PHC Mokama,MED-OXY-AMP,Oxytocin,108,5,103,187.6,3.41,10
CND-PHC-BR-GAY-002-PHC-BR-PAT-002-MED-OXY-AMP-11,PHC-BR-GAY-002,PHC Sherghati,PHC-BR-PAT-002,PHC Danapur,MED-OXY-AMP,Oxytocin,8,5,3,155.7,2.83,11
CND-PHC-BR-GAY-002-PHC-UP-VAR-001-MED-OXY-AMP-12,PHC-BR-GAY-002,PHC Sherghati,PHC-UP-VAR-001,PHC Cholapur,MED-OXY-AMP,Oxytocin,59,5,54,257.0,4.67,12
CND-PHC-BR-GAY-002-PHC-UP-VAR-002-MED-OXY-AMP-13,PHC-BR-GAY-002,PHC Sherghati,PHC-UP-VAR-002,PHC Pindra,MED-OXY-AMP,Oxytocin,127,5,122,289.1,5.26,13
CND-PHC-BR-GAY-002-PHC-UP-VAR-004-MED-OXY-AMP-14,PHC-BR-GAY-002,PHC Sherghati,PHC-UP-VAR-004,PHC Kashi Vidyapeeth,MED-OXY-AMP,Oxytocin,30,5,25,256.9,4.67,14
CND-PHC-BR-GAY-002-PHC-UP-VAR-003-MED-OXY-AMP-15,PHC-BR-GAY-002,PHC Sherghati,PHC-UP-VAR-003,PHC Sevapuri,MED-OXY-AMP,Oxytocin,54,5,49,281.0,5.11,15
CND-PHC-BR-GAY-002-DH-BR-PAT-001-MED-ART-60-1,PHC-BR-GAY-002,PHC Sherghati,DH-BR-PAT-001,District Hospital Gardanibagh,MED-ART-60,Artesunate,1283,136,1147,154.0,2.8,1
CND-PHC-BR-GAY-002-DH-BR-GAY-001-MED-ART-60-2,PHC-BR-GAY-002,PHC Sherghati,DH-BR-GAY-001,Jay Prakash Narayan District Hospital Gaya,MED-ART-60,Artesunate,580,229,351,43.1,1.08,2
CND-PHC-BR-GAY-002-PHC-BR-GAY-001-MED-ART-60-3,PHC-BR-GAY-002,PHC Sherghati,PHC-BR-GAY-001,PHC Bodh Gaya,MED-ART-60,Artesunate,30,5,25,32.3,0.81,3
CND-PHC-BR-GAY-002-PHC-BR-GAY-003-MED-ART-60-4,PHC-BR-GAY-002,PHC Sherghati,PHC-BR-GAY-003,PHC Tekari,MED-ART-60,Artesunate,46,5,41,52.9,1.32,4
CND-PHC-BR-GAY-002-DH-UP-VAR-001-MED-ART-60-5,PHC-BR-GAY-002,PHC Sherghati,DH-UP-VAR-001,Pandit Deen Dayal Upadhyay District Hospital,MED-ART-60,Artesunate,828,270,558,257.7,4.69,5
CND-PHC-BR-GAY-002-PHC-BR-PAT-002-MED-ART-60-6,PHC-BR-GAY-002,PHC Sherghati,PHC-BR-PAT-002,PHC Danapur,MED-ART-60,Artesunate,120,5,115,155.7,2.83,6
CND-PHC-BR-GAY-002-PHC-BR-PAT-004-MED-ART-60-7,PHC-BR-GAY-002,PHC Sherghati,PHC-BR-PAT-004,PHC Fatuha,MED-ART-60,Artesunate,39,5,34,149.7,2.72,7
CND-PHC-BR-GAY-002-PHC-BR-PAT-005-MED-ART-60-8,PHC-BR-GAY-002,PHC Sherghati,PHC-BR-PAT-005,PHC Mokama,MED-ART-60,Artesunate,112,5,107,187.6,3.41,8
CND-PHC-BR-GAY-002-PHC-BR-PAT-003-MED-ART-60-9,PHC-BR-GAY-002,PHC Sherghati,PHC-BR-PAT-003,PHC Bihta,MED-ART-60,Artesunate,6,5,1,142.7,2.59,9
CND-PHC-BR-GAY-002-PHC-BR-PAT-001-MED-ART-60-10,PHC-BR-GAY-002,PHC Sherghati,PHC-BR-PAT-001,PHC Bakhtiyarpur,MED-ART-60,Artesunate,33,5,28,159.7,2.9,10
CND-PHC-BR-GAY-002-CHC-BR-PAT-001-MED-ART-60-11,PHC-BR-GAY-002,PHC Sherghati,CHC-BR-PAT-001,CHC Phulwari Sharif,MED-ART-60,Artesunate,8,5,3,149.9,2.73,11
CND-PHC-BR-GAY-002-PHC-UP-VAR-001-MED-ART-60-12,PHC-BR-GAY-002,PHC Sherghati,PHC-UP-VAR-001,PHC Cholapur,MED-ART-60,Artesunate,106,5,101,257.0,4.67,12
CND-PHC-BR-GAY-002-PHC-UP-VAR-004-MED-ART-60-13,PHC-BR-GAY-002,PHC Sherghati,PHC-UP-VAR-004,PHC Kashi Vidyapeeth,MED-ART-60,Artesunate,87,5,82,256.9,4.67,13
CND-PHC-BR-GAY-002-CHC-UP-VAR-001-MED-ART-60-14,PHC-BR-GAY-002,PHC Sherghati,CHC-UP-VAR-001,CHC Misirpur,MED-ART-60,Artesunate,55,6,49,266.8,4.85,14
CND-PHC-BR-GAY-002-PHC-UP-VAR-003-MED-ART-60-15,PHC-BR-GAY-002,PHC Sherghati,PHC-UP-VAR-003,PHC Sevapuri,MED-ART-60,Artesunate,54,5,49,281.0,5.11,15
CND-PHC-BR-GAY-002-PHC-UP-VAR-002-MED-ART-60-16,PHC-BR-GAY-002,PHC Sherghati,PHC-UP-VAR-002,PHC Pindra,MED-ART-60,Artesunate,61,5,56,289.1,5.26,16
CND-PHC-UP-VAR-002-DH-BR-PAT-001-MED-AZI-500-1,PHC-UP-VAR-002,PHC Pindra,DH-BR-PAT-001,District Hospital Gardanibagh,MED-AZI-500,Azithromycin,3303,1009,2294,295.5,5.37,1
CND-PHC-UP-VAR-002-PHC-UP-VAR-004-MED-AZI-500-2,PHC-UP-VAR-002,PHC Pindra,PHC-UP-VAR-004,PHC Kashi Vidyapeeth,MED-AZI-500,Azithromycin,228,28,200,39.2,0.98,2
CND-PHC-UP-VAR-002-PHC-UP-VAR-003-MED-AZI-500-3,PHC-UP-VAR-002,PHC Pindra,PHC-UP-VAR-003,PHC Sevapuri,MED-AZI-500,Azithromycin,95,6,89,30.3,0.76,3
CND-PHC-UP-VAR-002-CHC-UP-VAR-001-MED-AZI-500-4,PHC-UP-VAR-002,PHC Pindra,CHC-UP-VAR-001,CHC Misirpur,MED-AZI-500,Azithromycin,246,164,82,29.4,0.73,4
CND-PHC-UP-VAR-002-PHC-UP-VAR-001-MED-AZI-500-5,PHC-UP-VAR-002,PHC Pindra,PHC-UP-VAR-001,PHC Cholapur,MED-AZI-500,Azithromycin,76,14,62,32.2,0.81,5
CND-PHC-UP-VAR-002-CHC-BR-PAT-001-MED-AZI-500-6,PHC-UP-VAR-002,PHC Pindra,CHC-BR-PAT-001,CHC Phulwari Sharif,MED-AZI-500,Azithromycin,1015,166,849,290.3,5.28,6
CND-PHC-UP-VAR-002-PHC-BR-PAT-002-MED-AZI-500-7,PHC-UP-VAR-002,PHC Pindra,PHC-BR-PAT-002,PHC Danapur,MED-AZI-500,Azithromycin,423,29,394,285.4,5.19,7
CND-PHC-UP-VAR-002-PHC-BR-PAT-003-MED-AZI-500-8,PHC-UP-VAR-002,PHC Pindra,PHC-BR-PAT-003,PHC Bihta,MED-AZI-500,Azithromycin,350,14,336,263.3,4.79,8
CND-PHC-UP-VAR-002-PHC-UP-LUK-003-MED-AZI-500-9,PHC-UP-VAR-002,PHC Pindra,PHC-UP-LUK-003,PHC Mohanlalganj,MED-AZI-500,Azithromycin,36,17,19,285.5,5.19,9
CND-PHC-UP-VAR-002-PHC-BR-GAY-003-MED-AZI-500-10,PHC-UP-VAR-002,PHC Pindra,PHC-BR-GAY-003,PHC Tekari,MED-AZI-500,Azithromycin,113,5,108,272.5,4.95,10
CND-PHC-UP-VAR-002-PHC-BR-GAY-002-MED-AZI-500-11,PHC-UP-VAR-002,PHC Pindra,PHC-BR-GAY-002,PHC Sherghati,MED-AZI-500,Azithromycin,73,6,67,289.1,5.26,11
CND-PHC-UP-VAR-002-DH-BR-GAY-001-MED-AZI-500-12,PHC-UP-VAR-002,PHC Pindra,DH-BR-GAY-001,Jay Prakash Narayan District Hospital Gaya,MED-AZI-500,Azithromycin,1376,1344,32,299.7,5.45,12
CND-PHC-UP-VAR-002-DH-UP-VAR-001-MED-RAB-VAC-1,PHC-UP-VAR-002,PHC Pindra,DH-UP-VAR-001,Pandit Deen Dayal Upadhyay District Hospital,MED-RAB-VAC,Anti-Rabies Vaccine (Cell Culture),851,342,509,34.9,0.87,1
CND-PHC-UP-VAR-002-DH-BR-PAT-001-MED-RAB-VAC-2,PHC-UP-VAR-002,PHC Pindra,DH-BR-PAT-001,District Hospital Gardanibagh,MED-RAB-VAC,Anti-Rabies Vaccine (Cell Culture),1535,175,1360,295.5,5.37,2
CND-PHC-UP-VAR-002-PHC-UP-VAR-004-MED-RAB-VAC-3,PHC-UP-VAR-002,PHC Pindra,PHC-UP-VAR-004,PHC Kashi Vidyapeeth,MED-RAB-VAC,Anti-Rabies Vaccine (Cell Culture),145,5,140,39.2,0.98,3
CND-PHC-UP-VAR-002-CHC-UP-VAR-001-MED-RAB-VAC-4,PHC-UP-VAR-002,PHC Pindra,CHC-UP-VAR-001,CHC Misirpur,MED-RAB-VAC,Anti-Rabies Vaccine (Cell Culture),86,7,79,29.4,0.73,4
CND-PHC-UP-VAR-002-PHC-UP-VAR-001-MED-RAB-VAC-5,PHC-UP-VAR-002,PHC Pindra,PHC-UP-VAR-001,PHC Cholapur,MED-RAB-VAC,Anti-Rabies Vaccine (Cell Culture),42,5,37,32.2,0.81,5
CND-PHC-UP-VAR-002-PHC-UP-VAR-003-MED-RAB-VAC-6,PHC-UP-VAR-002,PHC Pindra,PHC-UP-VAR-003,PHC Sevapuri,MED-RAB-VAC,Anti-Rabies Vaccine (Cell Culture),17,5,12,30.3,0.76,6
CND-PHC-UP-VAR-002-PHC-UP-LUK-003-MED-RAB-VAC-7,PHC-UP-VAR-002,PHC Pindra,PHC-UP-LUK-003,PHC Mohanlalganj,MED-RAB-VAC,Anti-Rabies Vaccine (Cell Culture),47,5,42,285.5,5.19,7
CND-PHC-UP-VAR-002-PHC-BR-PAT-002-MED-RAB-VAC-8,PHC-UP-VAR-002,PHC Pindra,PHC-BR-PAT-002,PHC Danapur,MED-RAB-VAC,Anti-Rabies Vaccine (Cell Culture),161,5,156,285.4,5.19,8
CND-PHC-UP-VAR-002-PHC-BR-GAY-003-MED-RAB-VAC-9,PHC-UP-VAR-002,PHC Pindra,PHC-BR-GAY-003,PHC Tekari,MED-RAB-VAC,Anti-Rabies Vaccine (Cell Culture),69,5,64,272.5,4.95,9
CND-PHC-UP-VAR-002-PHC-BR-PAT-003-MED-RAB-VAC-10,PHC-UP-VAR-002,PHC Pindra,PHC-BR-PAT-003,PHC Bihta,MED-RAB-VAC,Anti-Rabies Vaccine (Cell Culture),34,5,29,263.3,4.79,10
CND-PHC-UP-VAR-002-DH-BR-GAY-001-MED-RAB-VAC-11,PHC-UP-VAR-002,PHC Pindra,DH-BR-GAY-001,Jay Prakash Narayan District Hospital Gaya,MED-RAB-VAC,Anti-Rabies Vaccine (Cell Culture),391,292,99,299.7,5.45,11
CND-PHC-UP-VAR-002-PHC-BR-GAY-002-MED-RAB-VAC-12,PHC-UP-VAR-002,PHC Pindra,PHC-BR-GAY-002,PHC Sherghati,MED-RAB-VAC,Anti-Rabies Vaccine (Cell Culture),21,5,16,289.1,5.26,12
CND-PHC-UP-VAR-002-DH-BR-PAT-001-MED-IVF-D5500-1,PHC-UP-VAR-002,PHC Pindra,DH-BR-PAT-001,District Hospital Gardanibagh,MED-IVF-D5500,Dextrose 5% in Water,2466,584,1882,295.5,5.37,1
CND-PHC-UP-VAR-002-PHC-UP-VAR-003-MED-IVF-D5500-2,PHC-UP-VAR-002,PHC Pindra,PHC-UP-VAR-003,PHC Sevapuri,MED-IVF-D5500,Dextrose 5% in Water,213,5,208,30.3,0.76,2
CND-PHC-UP-VAR-002-PHC-UP-VAR-001-MED-IVF-D5500-3,PHC-UP-VAR-002,PHC Pindra,PHC-UP-VAR-001,PHC Cholapur,MED-IVF-D5500,Dextrose 5% in Water,112,5,107,32.2,0.81,3
CND-PHC-UP-VAR-002-CHC-UP-VAR-001-MED-IVF-D5500-4,PHC-UP-VAR-002,PHC Pindra,CHC-UP-VAR-001,CHC Misirpur,MED-IVF-D5500,Dextrose 5% in Water,138,80,58,29.4,0.73,4
CND-PHC-UP-VAR-002-PHC-UP-VAR-004-MED-IVF-D5500-5,PHC-UP-VAR-002,PHC Pindra,PHC-UP-VAR-004,PHC Kashi Vidyapeeth,MED-IVF-D5500,Dextrose 5% in Water,84,13,71,39.2,0.98,5
CND-PHC-UP-VAR-002-CHC-BR-PAT-001-MED-IVF-D5500-6,PHC-UP-VAR-002,PHC Pindra,CHC-BR-PAT-001,CHC Phulwari Sharif,MED-IVF-D5500,Dextrose 5% in Water,735,79,656,290.3,5.28,6
CND-PHC-UP-VAR-002-PHC-BR-PAT-003-MED-IVF-D5500-7,PHC-UP-VAR-002,PHC Pindra,PHC-BR-PAT-003,PHC Bihta,MED-IVF-D5500,Dextrose 5% in Water,256,5,251,263.3,4.79,7
CND-PHC-UP-VAR-002-DH-BR-GAY-001-MED-IVF-D5500-8,PHC-UP-VAR-002,PHC Pindra,DH-BR-GAY-001,Jay Prakash Narayan District Hospital Gaya,MED-IVF-D5500,Dextrose 5% in Water,1176,850,326,299.7,5.45,8
CND-PHC-UP-VAR-002-PHC-UP-LUK-003-MED-IVF-D5500-9,PHC-UP-VAR-002,PHC Pindra,PHC-UP-LUK-003,PHC Mohanlalganj,MED-IVF-D5500,Dextrose 5% in Water,79,5,74,285.5,5.19,9
CND-PHC-UP-VAR-002-PHC-BR-GAY-002-MED-IVF-D5500-10,PHC-UP-VAR-002,PHC Pindra,PHC-BR-GAY-002,PHC Sherghati,MED-IVF-D5500,Dextrose 5% in Water,154,5,149,289.1,5.26,10
CND-PHC-UP-VAR-002-PHC-BR-GAY-003-MED-IVF-D5500-11,PHC-UP-VAR-002,PHC Pindra,PHC-BR-GAY-003,PHC Tekari,MED-IVF-D5500,Dextrose 5% in Water,20,5,15,272.5,4.95,11
CND-PHC-UP-VAR-002-PHC-BR-PAT-002-MED-IVF-D5500-12,PHC-UP-VAR-002,PHC Pindra,PHC-BR-PAT-002,PHC Danapur,MED-IVF-D5500,Dextrose 5% in Water,26,8,18,285.4,5.19,12
CND-PHC-UP-VAR-002-PHC-UP-VAR-003-MED-ALB-400-1,PHC-UP-VAR-002,PHC Pindra,PHC-UP-VAR-003,PHC Sevapuri,MED-ALB-400,Albendazole,247,5,242,30.3,0.76,1
CND-PHC-UP-VAR-002-DH-UP-VAR-001-MED-ALB-400-2,PHC-UP-VAR-002,PHC Pindra,DH-UP-VAR-001,Pandit Deen Dayal Upadhyay District Hospital,MED-ALB-400,Albendazole,1226,996,230,34.9,0.87,2
CND-PHC-UP-VAR-002-PHC-UP-VAR-001-MED-ALB-400-3,PHC-UP-VAR-002,PHC Pindra,PHC-UP-VAR-001,PHC Cholapur,MED-ALB-400,Albendazole,82,5,77,32.2,0.81,3
CND-PHC-UP-VAR-002-CHC-UP-VAR-001-MED-ALB-400-4,PHC-UP-VAR-002,PHC Pindra,CHC-UP-VAR-001,CHC Misirpur,MED-ALB-400,Albendazole,116,89,27,29.4,0.73,4
CND-PHC-UP-VAR-002-PHC-UP-VAR-004-MED-ALB-400-5,PHC-UP-VAR-002,PHC Pindra,PHC-UP-VAR-004,PHC Kashi Vidyapeeth,MED-ALB-400,Albendazole,14,11,3,39.2,0.98,5
CND-PHC-UP-VAR-002-PHC-BR-PAT-003-MED-ALB-400-6,PHC-UP-VAR-002,PHC Pindra,PHC-BR-PAT-003,PHC Bihta,MED-ALB-400,Albendazole,241,5,236,263.3,4.79,6
CND-PHC-UP-VAR-002-PHC-UP-LUK-003-MED-ALB-400-7,PHC-UP-VAR-002,PHC Pindra,PHC-UP-LUK-003,PHC Mohanlalganj,MED-ALB-400,Albendazole,120,5,115,285.5,5.19,7
CND-PHC-UP-VAR-002-PHC-BR-GAY-002-MED-ALB-400-8,PHC-UP-VAR-002,PHC Pindra,PHC-BR-GAY-002,PHC Sherghati,MED-ALB-400,Albendazole,205,5,200,289.1,5.26,8
CND-PHC-UP-VAR-002-PHC-BR-GAY-003-MED-ALB-400-9,PHC-UP-VAR-002,PHC Pindra,PHC-BR-GAY-003,PHC Tekari,MED-ALB-400,Albendazole,49,5,44,272.5,4.95,9
CND-PHC-UP-VAR-002-PHC-BR-PAT-002-MED-ALB-400-10,PHC-UP-VAR-002,PHC Pindra,PHC-BR-PAT-002,PHC Danapur,MED-ALB-400,Albendazole,8,6,2,285.4,5.19,10
CND-PHC-UP-VAR-003-DH-UP-VAR-001-MED-IVF-RL500-1,PHC-UP-VAR-003,PHC Sevapuri,DH-UP-VAR-001,Pandit Deen Dayal Upadhyay District Hospital,MED-IVF-RL500,Ringer's Lactate (Compound Sodium Lactate),3359,1504,1855,26.5,0.66,1
CND-PHC-UP-VAR-003-DH-BR-GAY-001-MED-IVF-RL500-2,PHC-UP-VAR-003,PHC Sevapuri,DH-BR-GAY-001,Jay Prakash Narayan District Hospital Gaya,MED-IVF-RL500,Ringer's Lactate (Compound Sodium Lactate),3114,1329,1785,295.8,5.38,2
CND-PHC-UP-VAR-003-CHC-UP-VAR-001-MED-IVF-RL500-3,PHC-UP-VAR-003,PHC Sevapuri,CHC-UP-VAR-001,CHC Misirpur,MED-IVF-RL500,Ringer's Lactate (Compound Sodium Lactate),629,170,459,17.0,0.42,3
CND-PHC-UP-VAR-003-PHC-UP-VAR-001-MED-IVF-RL500-4,PHC-UP-VAR-003,PHC Sevapuri,PHC-UP-VAR-001,PHC Cholapur,MED-IVF-RL500,Ringer's Lactate (Compound Sodium Lactate),416,12,404,38.7,0.97,4
CND-PHC-UP-VAR-003-PHC-UP-VAR-002-MED-IVF-RL500-5,PHC-UP-VAR-003,PHC Sevapuri,PHC-UP-VAR-002,PHC Pindra,MED-IVF-RL500,Ringer's Lactate (Compound Sodium Lactate),160,21,139,30.3,0.76,5
CND-PHC-UP-VAR-003-PHC-UP-VAR-004-MED-IVF-RL500-6,PHC-UP-VAR-003,PHC Sevapuri,PHC-UP-VAR-004,PHC Kashi Vidyapeeth,MED-IVF-RL500,Ringer's Lactate (Compound Sodium Lactate),113,43,70,24.8,0.62,6
CND-PHC-UP-VAR-003-PHC-BR-PAT-002-MED-IVF-RL500-7,PHC-UP-VAR-003,PHC Sevapuri,PHC-BR-PAT-002,PHC Danapur,MED-IVF-RL500,Ringer's Lactate (Compound Sodium Lactate),564,27,537,293.7,5.34,7
CND-PHC-UP-VAR-003-PHC-BR-PAT-003-MED-IVF-RL500-8,PHC-UP-VAR-003,PHC Sevapuri,PHC-BR-PAT-003,PHC Bihta,MED-IVF-RL500,Ringer's Lactate (Compound Sodium Lactate),377,16,361,270.8,4.92,8
CND-PHC-UP-VAR-003-PHC-BR-GAY-002-MED-IVF-RL500-9,PHC-UP-VAR-003,PHC Sevapuri,PHC-BR-GAY-002,PHC Sherghati,MED-IVF-RL500,Ringer's Lactate (Compound Sodium Lactate),386,6,380,281.0,5.11,9
CND-PHC-UP-VAR-003-PHC-UP-LUK-003-MED-IVF-RL500-10,PHC-UP-VAR-003,PHC Sevapuri,PHC-UP-LUK-003,PHC Mohanlalganj,MED-IVF-RL500,Ringer's Lactate (Compound Sodium Lactate),110,9,101,299.8,5.45,10
CND-PHC-UP-VAR-003-PHC-BR-GAY-003-MED-IVF-RL500-11,PHC-UP-VAR-003,PHC Sevapuri,PHC-BR-GAY-003,PHC Tekari,MED-IVF-RL500,Ringer's Lactate (Compound Sodium Lactate),94,5,89,269.9,4.91,11
CND-PHC-UP-VAR-003-CHC-BR-PAT-001-MED-IVF-RL500-12,PHC-UP-VAR-003,PHC Sevapuri,CHC-BR-PAT-001,CHC Phulwari Sharif,MED-IVF-RL500,Ringer's Lactate (Compound Sodium Lactate),261,181,80,297.9,5.42,12
CND-CHC-UP-VAR-001-DH-UP-VAR-001-MED-ZNC-20-1,CHC-UP-VAR-001,CHC Misirpur,DH-UP-VAR-001,Pandit Deen Dayal Upadhyay District Hospital,MED-ZNC-20,Zinc Sulfate Dispersible,3769,2126,1643,9.7,0.24,1
CND-CHC-UP-VAR-001-PHC-UP-VAR-004-MED-ZNC-20-2,CHC-UP-VAR-001,CHC Misirpur,PHC-UP-VAR-004,PHC Kashi Vidyapeeth,MED-ZNC-20,Zinc Sulfate Dispersible,354,74,280,10.5,0.26,2
CND-CHC-UP-VAR-001-PHC-UP-VAR-003-MED-ZNC-20-3,CHC-UP-VAR-001,CHC Misirpur,PHC-UP-VAR-003,PHC Sevapuri,MED-ZNC-20,Zinc Sulfate Dispersible,166,18,148,17.0,0.42,3
CND-CHC-UP-VAR-001-PHC-UP-VAR-002-MED-ZNC-20-4,CHC-UP-VAR-001,CHC Misirpur,PHC-UP-VAR-002,PHC Pindra,MED-ZNC-20,Zinc Sulfate Dispersible,182,50,132,29.4,0.73,4
CND-CHC-UP-VAR-001-PHC-UP-VAR-001-MED-ZNC-20-5,CHC-UP-VAR-001,CHC Misirpur,PHC-UP-VAR-001,PHC Cholapur,MED-ZNC-20,Zinc Sulfate Dispersible,134,34,100,22.9,0.57,5
CND-CHC-UP-VAR-001-PHC-BR-PAT-002-MED-ZNC-20-6,CHC-UP-VAR-001,CHC Misirpur,PHC-BR-PAT-002,PHC Danapur,MED-ZNC-20,Zinc Sulfate Dispersible,685,71,614,276.8,5.03,6
CND-CHC-UP-VAR-001-PHC-BR-PAT-003-MED-ZNC-20-7,CHC-UP-VAR-001,CHC Misirpur,PHC-BR-PAT-003,PHC Bihta,MED-ZNC-20,Zinc Sulfate Dispersible,534,33,501,253.8,4.61,7
CND-CHC-UP-VAR-001-PHC-BR-GAY-001-MED-ZNC-20-8,CHC-UP-VAR-001,CHC Misirpur,PHC-BR-GAY-001,PHC Bodh Gaya,MED-ZNC-20,Zinc Sulfate Dispersible,571,27,544,283.7,5.16,8
CND-CHC-UP-VAR-001-PHC-BR-GAY-002-MED-ZNC-20-9,CHC-UP-VAR-001,CHC Misirpur,PHC-BR-GAY-002,PHC Sherghati,MED-ZNC-20,Zinc Sulfate Dispersible,457,23,434,266.8,4.85,9
CND-CHC-UP-VAR-001-PHC-BR-GAY-003-MED-ZNC-20-10,CHC-UP-VAR-001,CHC Misirpur,PHC-BR-GAY-003,PHC Tekari,MED-ZNC-20,Zinc Sulfate Dispersible,97,10,87,254.2,4.62,10
CND-PHC-UP-LUK-002-DH-UP-LUK-001-MED-RAB-VAC-1,PHC-UP-LUK-002,PHC Malihabad,DH-UP-LUK-001,Balrampur District Hospital Lucknow,MED-RAB-VAC,Anti-Rabies Vaccine (Cell Culture),809,506,303,27.2,0.68,1
CND-PHC-UP-LUK-002-PHC-UP-LUK-001-MED-RAB-VAC-2,PHC-UP-LUK-002,PHC Malihabad,PHC-UP-LUK-001,PHC Bakshi Ka Talab,MED-RAB-VAC,Anti-Rabies Vaccine (Cell Culture),53,5,48,28.0,0.7,2
CND-PHC-UP-LUK-002-PHC-UP-LUK-003-MED-RAB-VAC-3,PHC-UP-LUK-002,PHC Malihabad,PHC-UP-LUK-003,PHC Mohanlalganj,MED-RAB-VAC,Anti-Rabies Vaccine (Cell Culture),47,5,42,49.3,1.23,3
CND-PHC-UP-LUK-003-DH-UP-LUK-001-MED-ART-60-1,PHC-UP-LUK-003,PHC Mohanlalganj,DH-UP-LUK-001,Balrampur District Hospital Lucknow,MED-ART-60,Artesunate,420,369,51,28.0,0.7,1
CND-PHC-UP-LUK-003-PHC-UP-LUK-002-MED-ART-60-2,PHC-UP-LUK-003,PHC Mohanlalganj,PHC-UP-LUK-002,PHC Malihabad,MED-ART-60,Artesunate,101,5,96,49.3,1.23,2
CND-PHC-UP-LUK-003-PHC-UP-LUK-001-MED-ART-60-3,PHC-UP-LUK-003,PHC Mohanlalganj,PHC-UP-LUK-001,PHC Bakshi Ka Talab,MED-ART-60,Artesunate,24,5,19,43.6,1.09,3
CND-PHC-UP-LUK-003-PHC-UP-VAR-002-MED-ART-60-4,PHC-UP-LUK-003,PHC Mohanlalganj,PHC-UP-VAR-002,PHC Pindra,MED-ART-60,Artesunate,61,5,56,285.5,5.19,4
CND-PHC-UP-LUK-003-PHC-UP-VAR-003-MED-ART-60-5,PHC-UP-LUK-003,PHC Mohanlalganj,PHC-UP-VAR-003,PHC Sevapuri,MED-ART-60,Artesunate,54,5,49,299.8,5.45,5
CND-DH-UP-LUK-001-PHC-UP-LUK-001-MED-ZNC-20-1,DH-UP-LUK-001,Balrampur District Hospital Lucknow,PHC-UP-LUK-001,PHC Bakshi Ka Talab,MED-ZNC-20,Zinc Sulfate Dispersible,383,58,325,16.4,0.41,1
CND-DH-UP-LUK-001-PHC-UP-LUK-002-MED-ZNC-20-2,DH-UP-LUK-001,Balrampur District Hospital Lucknow,PHC-UP-LUK-002,PHC Malihabad,MED-ZNC-20,Zinc Sulfate Dispersible,157,35,122,27.2,0.68,2
CND-DH-UP-LUK-001-PHC-UP-LUK-003-MED-ZNC-20-3,DH-UP-LUK-001,Balrampur District Hospital Lucknow,PHC-UP-LUK-003,PHC Mohanlalganj,MED-ZNC-20,Zinc Sulfate Dispersible,147,30,117,28.0,0.7,3
CND-DH-UP-LUK-001-PHC-UP-LUK-001-MED-AZI-500-1,DH-UP-LUK-001,Balrampur District Hospital Lucknow,PHC-UP-LUK-001,PHC Bakshi Ka Talab,MED-AZI-500,Azithromycin,295,36,259,16.4,0.41,1
CND-DH-UP-LUK-001-PHC-UP-LUK-003-MED-AZI-500-2,DH-UP-LUK-001,Balrampur District Hospital Lucknow,PHC-UP-LUK-003,PHC Mohanlalganj,MED-AZI-500,Azithromycin,36,17,19,28.0,0.7,2
CND-DH-UP-LUK-001-PHC-UP-LUK-003-MED-IVF-NS500-1,DH-UP-LUK-001,Balrampur District Hospital Lucknow,PHC-UP-LUK-003,PHC Mohanlalganj,MED-IVF-NS500,Normal Saline (0.9% Sodium Chloride),588,25,563,28.0,0.7,1
CND-DH-UP-LUK-001-PHC-UP-LUK-001-MED-IVF-NS500-2,DH-UP-LUK-001,Balrampur District Hospital Lucknow,PHC-UP-LUK-001,PHC Bakshi Ka Talab,MED-IVF-NS500,Normal Saline (0.9% Sodium Chloride),324,58,266,16.4,0.41,2
CND-DH-UP-LUK-001-PHC-UP-LUK-002-MED-IFA-TAB-1,DH-UP-LUK-001,Balrampur District Hospital Lucknow,PHC-UP-LUK-002,PHC Malihabad,MED-IFA-TAB,Iron & Folic Acid (IFA),335,109,226,27.2,0.68,1
CND-DH-UP-LUK-001-PHC-UP-LUK-003-MED-IFA-TAB-2,DH-UP-LUK-001,Balrampur District Hospital Lucknow,PHC-UP-LUK-003,PHC Mohanlalganj,MED-IFA-TAB,Iron & Folic Acid (IFA),339,118,221,28.0,0.7,2
CND-DH-UP-LUK-001-PHC-UP-LUK-001-MED-IFA-TAB-3,DH-UP-LUK-001,Balrampur District Hospital Lucknow,PHC-UP-LUK-001,PHC Bakshi Ka Talab,MED-IFA-TAB,Iron & Folic Acid (IFA),318,172,146,16.4,0.41,3
CND-DH-MH-PUN-001-PHC-MH-PUN-002-MED-AZI-500-1,DH-MH-PUN-001,Aundh District Hospital Pune,PHC-MH-PUN-002,PHC Haveli,MED-AZI-500,Azithromycin,311,33,278,18.6,0.47,1
CND-DH-MH-PUN-001-PHC-MH-PUN-003-MED-AZI-500-2,DH-MH-PUN-001,Aundh District Hospital Pune,PHC-MH-PUN-003,PHC Khed,MED-AZI-500,Azithromycin,202,16,186,42.3,1.06,2
CND-DH-MH-PUN-001-PHC-MH-PUN-001-MED-AZI-500-3,DH-MH-PUN-001,Aundh District Hospital Pune,PHC-MH-PUN-001,PHC Mulshi,MED-AZI-500,Azithromycin,33,5,28,40.2,1.01,3
CND-PHC-KA-BEN-002-DH-KA-BEN-001-MED-PCM-500-1,PHC-KA-BEN-002,PHC Anekal,DH-KA-BEN-001,KC General District Hospital Malleshwaram,MED-PCM-500,Paracetamol,18664,8586,10078,43.8,1.09,1
CND-PHC-KA-BEN-002-PHC-KA-BEN-003-MED-PCM-500-2,PHC-KA-BEN-002,PHC Anekal,PHC-KA-BEN-003,PHC Kengeri,MED-PCM-500,Paracetamol,395,372,23,40.7,1.02,2
CND-PHC-KA-BEN-003-DH-KA-BEN-001-MED-IVF-NS500-1,PHC-KA-BEN-003,PHC Kengeri,DH-KA-BEN-001,KC General District Hospital Malleshwaram,MED-IVF-NS500,Normal Saline (0.9% Sodium Chloride),6173,2721,3452,17.4,0.43,1
CND-PHC-KA-BEN-003-PHC-KA-BEN-002-MED-IVF-NS500-2,PHC-KA-BEN-003,PHC Kengeri,PHC-KA-BEN-002,PHC Anekal,MED-IVF-NS500,Normal Saline (0.9% Sodium Chloride),202,42,160,40.7,1.02,2
CND-PHC-KA-BEN-003-PHC-KA-BEN-001-MED-IVF-NS500-3,PHC-KA-BEN-003,PHC Kengeri,PHC-KA-BEN-001,PHC Yelahanka,MED-IVF-NS500,Normal Saline (0.9% Sodium Chloride),136,78,58,31.0,0.78,3
CND-DH-KA-BEN-001-PHC-KA-BEN-003-MED-MET-500-1,DH-KA-BEN-001,KC General District Hospital Malleshwaram,PHC-KA-BEN-003,PHC Kengeri,MED-MET-500,Metformin Hydrochloride,327,148,179,17.4,0.43,1
CND-DH-KA-BEN-001-PHC-KA-BEN-002-MED-MET-500-2,DH-KA-BEN-001,KC General District Hospital Malleshwaram,PHC-KA-BEN-002,PHC Anekal,MED-MET-500,Metformin Hydrochloride,168,115,53,43.8,1.09,2
CND-DH-UP-VAR-001-DH-BR-PAT-001-MED-MET-500-1,DH-UP-VAR-001,Pandit Deen Dayal Upadhyay District Hospital,DH-BR-PAT-001,District Hospital Gardanibagh,MED-MET-500,Metformin Hydrochloride,8098,2201,5897,276.9,5.03,1
CND-DH-UP-VAR-001-DH-BR-GAY-001-MED-MET-500-2,DH-UP-VAR-001,Pandit Deen Dayal Upadhyay District Hospital,DH-BR-GAY-001,Jay Prakash Narayan District Hospital Gaya,MED-MET-500,Metformin Hydrochloride,5442,3058,2384,270.9,4.93,2
CND-DH-UP-VAR-001-CHC-BR-PAT-001-MED-MET-500-3,DH-UP-VAR-001,Pandit Deen Dayal Upadhyay District Hospital,CHC-BR-PAT-001,CHC Phulwari Sharif,MED-MET-500,Metformin Hydrochloride,2281,510,1771,271.5,4.94,3
CND-DH-UP-VAR-001-PHC-UP-VAR-004-MED-MET-500-4,DH-UP-VAR-001,Pandit Deen Dayal Upadhyay District Hospital,PHC-UP-VAR-004,PHC Kashi Vidyapeeth,MED-MET-500,Metformin Hydrochloride,471,144,327,6.7,0.17,4
CND-DH-UP-VAR-001-PHC-UP-VAR-002-MED-MET-500-5,DH-UP-VAR-001,Pandit Deen Dayal Upadhyay District Hospital,PHC-UP-VAR-002,PHC Pindra,MED-MET-500,Metformin Hydrochloride,283,110,173,34.9,0.87,5
CND-DH-UP-VAR-001-PHC-UP-VAR-001-MED-MET-500-6,DH-UP-VAR-001,Pandit Deen Dayal Upadhyay District Hospital,PHC-UP-VAR-001,PHC Cholapur,MED-MET-500,Metformin Hydrochloride,150,91,59,17.1,0.43,6
CND-DH-UP-VAR-001-PHC-UP-VAR-003-MED-MET-500-7,DH-UP-VAR-001,Pandit Deen Dayal Upadhyay District Hospital,PHC-UP-VAR-003,PHC Sevapuri,MED-MET-500,Metformin Hydrochloride,131,72,59,26.5,0.66,7
CND-DH-UP-VAR-001-PHC-BR-PAT-003-MED-MET-500-8,DH-UP-VAR-001,Pandit Deen Dayal Upadhyay District Hospital,PHC-BR-PAT-003,PHC Bihta,MED-MET-500,Metformin Hydrochloride,880,89,791,244.4,4.44,8
CND-DH-UP-VAR-001-PHC-BR-GAY-001-MED-MET-500-9,DH-UP-VAR-001,Pandit Deen Dayal Upadhyay District Hospital,PHC-BR-GAY-001,PHC Bodh Gaya,MED-MET-500,Metformin Hydrochloride,255,84,171,274.3,4.99,9
CND-DH-UP-VAR-001-PHC-BR-GAY-002-MED-MET-500-10,DH-UP-VAR-001,Pandit Deen Dayal Upadhyay District Hospital,PHC-BR-GAY-002,PHC Sherghati,MED-MET-500,Metformin Hydrochloride,183,54,129,257.7,4.69,10
CND-DH-UP-VAR-001-PHC-BR-PAT-002-MED-MET-500-11,DH-UP-VAR-001,Pandit Deen Dayal Upadhyay District Hospital,PHC-BR-PAT-002,PHC Danapur,MED-MET-500,Metformin Hydrochloride,258,131,127,267.3,4.86,11
CND-DH-UP-VAR-001-PHC-BR-PAT-004-MED-MET-500-12,DH-UP-VAR-001,Pandit Deen Dayal Upadhyay District Hospital,PHC-BR-PAT-004,PHC Fatuha,MED-MET-500,Metformin Hydrochloride,88,57,31,299.8,5.45,12
CND-DH-UP-VAR-001-DH-BR-PAT-001-MED-IFA-TAB-1,DH-UP-VAR-001,Pandit Deen Dayal Upadhyay District Hospital,DH-BR-PAT-001,District Hospital Gardanibagh,MED-IFA-TAB,Iron & Folic Acid (IFA),9291,2499,6792,276.9,5.03,1
CND-DH-UP-VAR-001-CHC-UP-VAR-001-MED-IFA-TAB-2,DH-UP-VAR-001,Pandit Deen Dayal Upadhyay District Hospital,CHC-UP-VAR-001,CHC Misirpur,MED-IFA-TAB,Iron & Folic Acid (IFA),1424,600,824,9.7,0.24,2
CND-DH-UP-VAR-001-CHC-BR-PAT-001-MED-IFA-TAB-3,DH-UP-VAR-001,Pandit Deen Dayal Upadhyay District Hospital,CHC-BR-PAT-001,CHC Phulwari Sharif,MED-IFA-TAB,Iron & Folic Acid (IFA),2253,558,1695,271.5,4.94,3
CND-DH-UP-VAR-001-PHC-UP-VAR-004-MED-IFA-TAB-4,DH-UP-VAR-001,Pandit Deen Dayal Upadhyay District Hospital,PHC-UP-VAR-004,PHC Kashi Vidyapeeth,MED-IFA-TAB,Iron & Folic Acid (IFA),560,191,369,6.7,0.17,4
CND-DH-UP-VAR-001-PHC-UP-VAR-002-MED-IFA-TAB-5,DH-UP-VAR-001,Pandit Deen Dayal Upadhyay District Hospital,PHC-UP-VAR-002,PHC Pindra,MED-IFA-TAB,Iron & Folic Acid (IFA),454,148,306,34.9,0.87,5
CND-DH-UP-VAR-001-PHC-UP-VAR-001-MED-IFA-TAB-6,DH-UP-VAR-001,Pandit Deen Dayal Upadhyay District Hospital,PHC-UP-VAR-001,PHC Cholapur,MED-IFA-TAB,Iron & Folic Acid (IFA),289,114,175,17.1,0.43,6
CND-DH-UP-VAR-001-PHC-BR-PAT-002-MED-IFA-TAB-7,DH-UP-VAR-001,Pandit Deen Dayal Upadhyay District Hospital,PHC-BR-PAT-002,PHC Danapur,MED-IFA-TAB,Iron & Folic Acid (IFA),1486,178,1308,267.3,4.86,7
CND-DH-UP-VAR-001-PHC-UP-VAR-003-MED-IFA-TAB-8,DH-UP-VAR-001,Pandit Deen Dayal Upadhyay District Hospital,PHC-UP-VAR-003,PHC Sevapuri,MED-IFA-TAB,Iron & Folic Acid (IFA),175,87,88,26.5,0.66,8
CND-DH-UP-VAR-001-PHC-BR-PAT-004-MED-IFA-TAB-9,DH-UP-VAR-001,Pandit Deen Dayal Upadhyay District Hospital,PHC-BR-PAT-004,PHC Fatuha,MED-IFA-TAB,Iron & Folic Acid (IFA),774,74,700,299.8,5.45,9
CND-DH-UP-VAR-001-PHC-BR-GAY-003-MED-IFA-TAB-10,DH-UP-VAR-001,Pandit Deen Dayal Upadhyay District Hospital,PHC-BR-GAY-003,PHC Tekari,MED-IFA-TAB,Iron & Folic Acid (IFA),287,46,241,244.6,4.45,10
CND-DH-UP-VAR-001-PHC-BR-GAY-002-MED-IFA-TAB-11,DH-UP-VAR-001,Pandit Deen Dayal Upadhyay District Hospital,PHC-BR-GAY-002,PHC Sherghati,MED-IFA-TAB,Iron & Folic Acid (IFA),164,68,96,257.7,4.69,11
CND-DH-MH-PUN-001-PHC-MH-PUN-003-MED-MET-500-1,DH-MH-PUN-001,Aundh District Hospital Pune,PHC-MH-PUN-003,PHC Khed,MED-MET-500,Metformin Hydrochloride,411,104,307,42.3,1.06,1
CND-DH-MH-PUN-001-PHC-MH-PUN-002-MED-MET-500-2,DH-MH-PUN-001,Aundh District Hospital Pune,PHC-MH-PUN-002,PHC Haveli,MED-MET-500,Metformin Hydrochloride,399,160,239,18.6,0.47,2
CND-DH-MH-PUN-001-PHC-MH-PUN-001-MED-MET-500-3,DH-MH-PUN-001,Aundh District Hospital Pune,PHC-MH-PUN-001,PHC Mulshi,MED-MET-500,Metformin Hydrochloride,117,58,59,40.2,1.01,3
CND-DH-KA-BEN-001-PHC-KA-BEN-001-MED-IVF-RL500-1,DH-KA-BEN-001,KC General District Hospital Malleshwaram,PHC-KA-BEN-001,PHC Yelahanka,MED-IVF-RL500,Ringer's Lactate (Compound Sodium Lactate),283,45,238,15.2,0.38,1
CND-DH-KA-BEN-001-PHC-KA-BEN-002-MED-IVF-RL500-2,DH-KA-BEN-001,KC General District Hospital Malleshwaram,PHC-KA-BEN-002,PHC Anekal,MED-IVF-RL500,Ringer's Lactate (Compound Sodium Lactate),130,25,105,43.8,1.09,2
CND-DH-KA-BEN-001-PHC-KA-BEN-003-MED-IVF-RL500-3,DH-KA-BEN-001,KC General District Hospital Malleshwaram,PHC-KA-BEN-003,PHC Kengeri,MED-IVF-RL500,Ringer's Lactate (Compound Sodium Lactate),67,34,33,17.4,0.43,3
