state_name,state_code,district_name,district_code,total_opd_allopathic,total_opd_ayush,total_ipd_admissions,institutional_deliveries,fever_syndromic_surveillance_cases,diarrheal_cases_reported,acute_respiratory_infections_reported
Bihar,IN-BR,Patna,BR-PATNA,1450000,210000,115000,42000,88000,32000,64000
Bihar,IN-BR,Gaya,BR-GAYA,980000,140000,74000,29000,62000,24000,48000
Bihar,IN-BR,Muzaffarpur,BR-MUZAFFARPUR,1120000,165000,86000,34000,71000,28000,53000
Bihar,IN-BR,Bhagalpur,BR-BHAGALPUR,890000,125000,68000,26000,54000,21000,41000
Bihar,IN-BR,Nalanda,BR-NALANDA,760000,110000,59000,22000,47000,18000,36000
Uttar Pradesh,IN-UP,Varanasi,UP-VARANASI,1680000,240000,138000,48000,95000,36000,72000
Uttar Pradesh,IN-UP,Lucknow,UP-LUCKNOW,2150000,310000,182000,62000,112000,41000,89000
Uttar Pradesh,IN-UP,Gorakhpur,UP-GORAKHPUR,1420000,195000,110000,39000,84000,31000,67000
Uttar Pradesh,IN-UP,Prayagraj,UP-PRAYAGRAJ,1720000,230000,129000,45000,98000,37000,74000
Uttar Pradesh,IN-UP,Agra,UP-AGRA,1510000,215000,118000,41000,86000,33000,68000
Rajasthan,IN-RJ,Jaipur,RJ-JAIPUR,2300000,290000,175000,58000,105000,38000,82000
Rajasthan,IN-RJ,Jodhpur,RJ-JODHPUR,1350000,180000,98000,34000,72000,26000,55000
Rajasthan,IN-RJ,Udaipur,RJ-UDAIPUR,1180000,155000,84000,29000,63000,23000,49000
Rajasthan,IN-RJ,Kota,RJ-KOTA,1020000,140000,76000,27000,56000,20000,43000
Rajasthan,IN-RJ,Ajmer,RJ-AJMER,960000,130000,71000,25000,51000,19000,40000
Maharashtra,IN-MH,Pune,MH-PUNE,2650000,340000,210000,69000,125000,44000,98000
Maharashtra,IN-MH,Nagpur,MH-NAGPUR,1580000,210000,125000,42000,87000,31000,69000
Maharashtra,IN-MH,Nashik,MH-NASHIK,1490000,195000,116000,39000,81000,29000,64000
Maharashtra,IN-MH,Thane,MH-THANE,2100000,280000,168000,56000,108000,39000,85000
Maharashtra,IN-MH,Aurangabad,MH-AURANGABAD,1150000,160000,88000,31000,66000,24000,52000
Karnataka,IN-KA,Bengaluru Urban,KA-BENGALURU-U,3200000,410000,260000,84000,145000,48000,118000
Karnataka,IN-KA,Mysuru,KA-MYSURU,1280000,175000,99000,35000,73000,25000,57000
Karnataka,IN-KA,Belagavi,KA-BELAGAVI,1410000,190000,108000,37000,79000,28000,61000
Karnataka,IN-KA,Dharwad,KA-DHARWAD,990000,140000,77000,27000,58000,21000,44000
Karnataka,IN-KA,Ballari,KA-BALLARI,940000,130000,72000,25000,54000,19000,42000
