medicine_code,medicine_name,therapeutic_category,dosage_form,strength,route_of_administration,level_of_healthcare_primary,level_of_healthcare_secondary,level_of_healthcare_tertiary,is_emergency_essential,unit_packaging,standard_shelf_life_months
MED-PCM-500,Paracetamol,Analgesic / Antipyretic,Tablet,500 mg,Oral,True,True,True,True,Strip (10 Tablets),36
MED-PCM-SYR,Paracetamol Paediatric Syrup,Analgesic / Antipyretic,Syrup,125 mg / 5 ml (60 ml bottle),Oral,True,True,True,True,Bottle (60 ml),24
MED-AMX-500,Amoxicillin,Antibacterial / Penicillin,Capsule,500 mg,Oral,True,True,True,True,Strip (10 Capsules),24
MED-AMC-625,Amoxicillin + Clavulanic Acid,Antibacterial / Broad Spectrum,Tablet,500 mg + 125 mg,Oral,True,True,True,True,Strip (6 Tablets),24
MED-ORS-SFT,Oral Rehydration Salts (WHO Formula),Gastrointestinal / Electrolytes,Powder for Solution,20.5 g sachet (for 1 Litre),Oral,True,True,True,True,Sachet (20.5 g),36
MED-ZNC-20,Zinc Sulfate Dispersible,Gastrointestinal / Paediatric,Tablet,20 mg,Oral,True,True,True,True,Strip (14 Tablets),24
MED-AZI-500,Azithromycin,Antibacterial / Macrolide,Tablet,500 mg,Oral,True,True,True,False,Strip (3 Tablets),36
MED-CTX-1G,Ceftriaxone,Antibacterial / Cephalosporin,Injection Powder,1 g vial,IV / IM,False,True,True,True,Vial (1 g),24
MED-RAB-VAC,Anti-Rabies Vaccine (Cell Culture),Vaccines / Immunologicals,Injection (Freeze-dried),>= 2.5 IU / dose,Intramuscular / Intradermal,True,True,True,True,Single Dose Vial,24
MED-ASV-VIAL,Anti-Snake Venom Serum (Polyvalent),Antidotes / Specific Toxins,Injection Lyophilized Powder,10 ml vial (neutralizes 4 venom types),IV Infusion,True,True,True,True,Vial (10 ml),36
MED-INS-REG,Human Insulin (Regular / Soluble),Endocrine / Antidiabetic,Injection Solution,40 IU / ml (10 ml vial),Subcutaneous / IV,True,True,True,True,Vial (10 ml),24
MED-MET-500,Metformin Hydrochloride,Endocrine / Oral Antidiabetic,Tablet,500 mg,Oral,True,True,True,False,Strip (10 Tablets),36
MED-OXY-AMP,Oxytocin,Maternal Health / Oxytocic,Injection Solution,5 IU / 1 ml,IM / IV,True,True,True,True,Ampoule (1 ml),24
MED-MGS-50,Magnesium Sulfate,Maternal Health / Anticonvulsant,Injection Solution,500 mg / ml (50%),IV / IM,True,True,True,True,Ampoule (2 ml),36
MED-IVF-NS500,Normal Saline (0.9% Sodium Chloride),Intravenous Fluids / Plasma Substitute,Infusion Solution,500 ml BFS plastic bottle,IV Infusion,True,True,True,True,Bottle (500 ml),36
MED-IVF-RL500,Ringer's Lactate (Compound Sodium Lactate),Intravenous Fluids / Resuscitation,Infusion Solution,500 ml BFS plastic bottle,IV Infusion,True,True,True,True,Bottle (500 ml),36
MED-IVF-D5500,Dextrose 5% in Water,Intravenous Fluids / Hydration,Infusion Solution,500 ml BFS plastic bottle,IV Infusion,True,True,True,False,Bottle (500 ml),36
MED-ART-60,Artesunate,Antimalarial,Injection Powder,60 mg vial with solvent,IV / IM,True,True,True,True,Vial (60 mg),24
MED-ALB-400,Albendazole,Anthelminthic,Chewable Tablet,400 mg,Oral,True,True,True,False,Strip (1 Tablet),36
MED-IFA-TAB,Iron & Folic Acid (IFA),Maternal & Child Health / Mineral,Coated Tablet,100 mg Elemental Iron + 500 mcg FA,Oral,True,True,True,False,Strip (10 Tablets),36
