state_name,state_code,doctors_at_phcs_sanctioned,doctors_at_phcs_in_position,doctors_at_phcs_vacant,specialists_at_chcs_sanctioned,specialists_at_chcs_in_position,specialists_at_chcs_vacant,nursing_staff_sanctioned,nursing_staff_in_position,anm_sanctioned,anm_in_position,pharmacists_sanctioned,pharmacists_in_position,doctor_vacancy_rate_pct,specialist_vacancy_rate_pct,data_source,provenance_tier,source_url,retrieved_at
Uttar Pradesh,IN-UP,4509,3120,1389,3776,1205,2571,12540,9420,25877,23140,3621,2890,30.81,68.09,OFFICIAL_GOVERNMENT,RHS_2022_23,https://mohfw.gov.in/sites/default/files/HealthDynamicsOfIndia2022-23.pdf,2026-08-23T15:25:51.929543+00:00
Bihar,IN-BR,2350,1640,710,600,180,420,5400,3850,10984,9120,1899,1210,30.21,70.0,OFFICIAL_GOVERNMENT,RHS_2022_23,https://mohfw.gov.in/sites/default/files/HealthDynamicsOfIndia2022-23.pdf,2026-08-23T15:25:51.929543+00:00
Rajasthan,IN-RJ,2650,2190,460,2404,890,1514,9800,8420,15214,14300,2182,1950,17.36,62.98,OFFICIAL_GOVERNMENT,RHS_2022_23,https://mohfw.gov.in/sites/default/files/HealthDynamicsOfIndia2022-23.pdf,2026-08-23T15:25:51.929543+00:00
Maharashtra,IN-MH,2950,2710,240,1460,710,750,8900,8120,10673,10150,1903,1780,8.14,51.37,OFFICIAL_GOVERNMENT,RHS_2022_23,https://mohfw.gov.in/sites/default/files/HealthDynamicsOfIndia2022-23.pdf,2026-08-23T15:25:51.929543+00:00
Karnataka,IN-KA,3100,2890,210,828,490,338,7600,7100,9652,9240,2359,2210,6.77,40.82,OFFICIAL_GOVERNMENT,RHS_2022_23,https://mohfw.gov.in/sites/default/files/HealthDynamicsOfIndia2022-23.pdf,2026-08-23T15:25:51.929543+00:00
Madhya Pradesh,IN-MP,2100,1580,520,1328,390,938,6200,4800,10240,9400,1412,1150,24.76,70.63,OFFICIAL_GOVERNMENT,RHS_2022_23,https://mohfw.gov.in/sites/default/files/HealthDynamicsOfIndia2022-23.pdf,2026-08-23T15:25:51.929543+00:00
West Bengal,IN-WB,1850,1620,230,1392,540,852,7100,6500,10357,9800,914,840,12.43,61.21,OFFICIAL_GOVERNMENT,RHS_2022_23,https://mohfw.gov.in/sites/default/files/HealthDynamicsOfIndia2022-23.pdf,2026-08-23T15:25:51.929543+00:00
Tamil Nadu,IN-TN,2850,2790,60,1540,1320,220,9200,8950,8712,8600,1854,1810,2.11,14.29,OFFICIAL_GOVERNMENT,RHS_2022_23,https://mohfw.gov.in/sites/default/files/HealthDynamicsOfIndia2022-23.pdf,2026-08-23T15:25:51.929543+00:00
Gujarat,IN-GJ,1950,1810,140,1452,510,942,6500,5950,9231,8850,1476,1390,7.18,64.88,OFFICIAL_GOVERNMENT,RHS_2022_23,https://mohfw.gov.in/sites/default/files/HealthDynamicsOfIndia2022-23.pdf,2026-08-23T15:25:51.929543+00:00
Andhra Pradesh,IN-AP,1750,1680,70,772,490,282,5100,4850,7540,7300,1145,1090,4.0,36.53,OFFICIAL_GOVERNMENT,RHS_2022_23,https://mohfw.gov.in/sites/default/files/HealthDynamicsOfIndia2022-23.pdf,2026-08-23T15:25:51.929543+00:00
All India / National Total,IN-ALL,39150,31820,7330,24256,9420,14836,105400,89700,161829,149500,31629,27400,18.72,61.16,OFFICIAL_GOVERNMENT,RHS_2022_23,https://mohfw.gov.in/sites/default/files/HealthDynamicsOfIndia2022-23.pdf,2026-08-23T15:25:51.929543+00:00
