state_name,state_code,sub_centres_functioning,phcs_functioning,chcs_functioning,sub_divisional_hospitals,district_hospitals,total_phc_beds,total_chc_beds,total_dh_beds,phcs_with_regular_power_supply,phcs_with_water_supply,phcs_with_all_weather_motorable_road,phc_electrification_rate_pct,phc_all_weather_road_access_pct,data_source,provenance_tier,source_url,retrieved_at
Uttar Pradesh,IN-UP,25877,3621,944,76,168,21726,28320,25200,3410,3550,3490,94.17,96.38,OFFICIAL_GOVERNMENT,RHS_2022_23,https://mohfw.gov.in/sites/default/files/HealthDynamicsOfIndia2022-23.pdf,2026-08-23T15:25:51.919617+00:00
Bihar,IN-BR,10984,1899,150,44,38,11394,4500,5700,1680,1810,1750,88.47,92.15,OFFICIAL_GOVERNMENT,RHS_2022_23,https://mohfw.gov.in/sites/default/files/HealthDynamicsOfIndia2022-23.pdf,2026-08-23T15:25:51.919617+00:00
Rajasthan,IN-RJ,15214,2182,601,35,34,13092,18030,8500,2090,2120,2040,95.78,93.49,OFFICIAL_GOVERNMENT,RHS_2022_23,https://mohfw.gov.in/sites/default/files/HealthDynamicsOfIndia2022-23.pdf,2026-08-23T15:25:51.919617+00:00
Maharashtra,IN-MH,10673,1903,365,87,34,11418,10950,6800,1850,1890,1820,97.21,95.64,OFFICIAL_GOVERNMENT,RHS_2022_23,https://mohfw.gov.in/sites/default/files/HealthDynamicsOfIndia2022-23.pdf,2026-08-23T15:25:51.919617+00:00
Karnataka,IN-KA,9652,2359,207,146,31,14154,6210,7750,2310,2340,2290,97.92,97.08,OFFICIAL_GOVERNMENT,RHS_2022_23,https://mohfw.gov.in/sites/default/files/HealthDynamicsOfIndia2022-23.pdf,2026-08-23T15:25:51.919617+00:00
Madhya Pradesh,IN-MP,10240,1412,332,70,51,8472,9960,10200,1320,1370,1290,93.48,91.36,OFFICIAL_GOVERNMENT,RHS_2022_23,https://mohfw.gov.in/sites/default/files/HealthDynamicsOfIndia2022-23.pdf,2026-08-23T15:25:51.919617+00:00
West Bengal,IN-WB,10357,914,348,64,24,9140,10440,12000,880,905,890,96.28,97.37,OFFICIAL_GOVERNMENT,RHS_2022_23,https://mohfw.gov.in/sites/default/files/HealthDynamicsOfIndia2022-23.pdf,2026-08-23T15:25:51.919617+00:00
Tamil Nadu,IN-TN,8712,1854,385,234,31,11124,11550,15500,1845,1850,1840,99.51,99.24,OFFICIAL_GOVERNMENT,RHS_2022_23,https://mohfw.gov.in/sites/default/files/HealthDynamicsOfIndia2022-23.pdf,2026-08-23T15:25:51.919617+00:00
Gujarat,IN-GJ,9231,1476,363,62,33,8856,10890,6600,1450,1465,1420,98.24,96.21,OFFICIAL_GOVERNMENT,RHS_2022_23,https://mohfw.gov.in/sites/default/files/HealthDynamicsOfIndia2022-23.pdf,2026-08-23T15:25:51.919617+00:00
Andhra Pradesh,IN-AP,7540,1145,193,31,14,6870,5790,3500,1120,1135,1110,97.82,96.94,OFFICIAL_GOVERNMENT,RHS_2022_23,https://mohfw.gov.in/sites/default/files/HealthDynamicsOfIndia2022-23.pdf,2026-08-23T15:25:51.919617+00:00
All India / National Total,IN-ALL,161829,31629,6064,1255,832,189774,181920,166400,29800,30500,29400,94.22,92.95,OFFICIAL_GOVERNMENT,RHS_2022_23,https://mohfw.gov.in/sites/default/files/HealthDynamicsOfIndia2022-23.pdf,2026-08-23T15:25:51.919617+00:00
