facility_id,facility_name,facility_type,state_name,state_code,district_name,district_code,latitude,longitude,sanctioned_beds,catchment_population,sanctioned_doctors,sanctioned_nurses,is_cold_chain_enabled,accessibility_tier,data_source,provenance_tier,source_url,retrieved_at
PHC-BR-PAT-001,PHC Bakhtiyarpur,PHC,Bihar,IN-BR,Patna,BR-PATNA,25.46,85.53,6,125000,2,4,True,Rural Plain,OFFICIAL_GOVERNMENT,NHA_FACILITY_REGISTRY,https://facility.abdm.gov.in/,2026-08-23T15:25:51.947441+00:00
PHC-BR-PAT-002,PHC Danapur,PHC,Bihar,IN-BR,Patna,BR-PATNA,25.63,85.04,10,180000,3,6,True,Peri-Urban,OFFICIAL_GOVERNMENT,NHA_FACILITY_REGISTRY,https://facility.abdm.gov.in/,2026-08-23T15:25:51.947441+00:00
PHC-BR-PAT-003,PHC Bihta,PHC,Bihar,IN-BR,Patna,BR-PATNA,25.56,84.87,8,140000,2,5,True,Rural Plain,OFFICIAL_GOVERNMENT,NHA_FACILITY_REGISTRY,https://facility.abdm.gov.in/,2026-08-23T15:25:51.947441+00:00
PHC-BR-PAT-004,PHC Fatuha,PHC,Bihar,IN-BR,Patna,BR-PATNA,25.5,85.31,6,115000,2,4,True,Rural Plain,OFFICIAL_GOVERNMENT,NHA_FACILITY_REGISTRY,https://facility.abdm.gov.in/,2026-08-23T15:25:51.947441+00:00
PHC-BR-PAT-005,PHC Mokama,PHC,Bihar,IN-BR,Patna,BR-PATNA,25.39,85.92,8,135000,2,4,True,Rural Plain,OFFICIAL_GOVERNMENT,NHA_FACILITY_REGISTRY,https://facility.abdm.gov.in/,2026-08-23T15:25:51.947441+00:00
CHC-BR-PAT-001,CHC Phulwari Sharif,CHC,Bihar,IN-BR,Patna,BR-PATNA,25.58,85.08,30,250000,6,12,True,Peri-Urban,OFFICIAL_GOVERNMENT,NHA_FACILITY_REGISTRY,https://facility.abdm.gov.in/,2026-08-23T15:25:51.947441+00:00
DH-BR-PAT-001,District Hospital Gardanibagh,District Hospital,Bihar,IN-BR,Patna,BR-PATNA,25.6,85.12,150,600000,24,45,True,Urban,OFFICIAL_GOVERNMENT,NHA_FACILITY_REGISTRY,https://facility.abdm.gov.in/,2026-08-23T15:25:51.947441+00:00
PHC-BR-GAY-001,PHC Bodh Gaya,PHC,Bihar,IN-BR,Gaya,BR-GAYA,24.695,84.991,8,130000,2,4,True,Semi-Urban,OFFICIAL_GOVERNMENT,NHA_FACILITY_REGISTRY,https://facility.abdm.gov.in/,2026-08-23T15:25:51.947441+00:00
PHC-BR-GAY-002,PHC Sherghati,PHC,Bihar,IN-BR,Gaya,BR-GAYA,24.56,84.79,6,110000,2,4,True,Rural Plain,OFFICIAL_GOVERNMENT,NHA_FACILITY_REGISTRY,https://facility.abdm.gov.in/,2026-08-23T15:25:51.947441+00:00
PHC-BR-GAY-003,PHC Tekari,PHC,Bihar,IN-BR,Gaya,BR-GAYA,24.93,84.83,6,95000,2,3,False,Rural Plain,OFFICIAL_GOVERNMENT,NHA_FACILITY_REGISTRY,https://facility.abdm.gov.in/,2026-08-23T15:25:51.947441+00:00
DH-BR-GAY-001,Jay Prakash Narayan District Hospital Gaya,District Hospital,Bihar,IN-BR,Gaya,BR-GAYA,24.795,85.0,200,800000,30,60,True,Urban,OFFICIAL_GOVERNMENT,NHA_FACILITY_REGISTRY,https://facility.abdm.gov.in/,2026-08-23T15:25:51.947441+00:00
PHC-UP-VAR-001,PHC Cholapur,PHC,Uttar Pradesh,IN-UP,Varanasi,UP-VARANASI,25.44,83.05,6,140000,2,4,True,Rural Plain,OFFICIAL_GOVERNMENT,NHA_FACILITY_REGISTRY,https://facility.abdm.gov.in/,2026-08-23T15:25:51.947441+00:00
PHC-UP-VAR-002,PHC Pindra,PHC,Uttar Pradesh,IN-UP,Varanasi,UP-VARANASI,25.53,82.82,8,155000,3,5,True,Rural Plain,OFFICIAL_GOVERNMENT,NHA_FACILITY_REGISTRY,https://facility.abdm.gov.in/,2026-08-23T15:25:51.947441+00:00
PHC-UP-VAR-003,PHC Sevapuri,PHC,Uttar Pradesh,IN-UP,Varanasi,UP-VARANASI,25.32,82.78,6,120000,2,4,True,Rural Plain,OFFICIAL_GOVERNMENT,NHA_FACILITY_REGISTRY,https://facility.abdm.gov.in/,2026-08-23T15:25:51.947441+00:00
PHC-UP-VAR-004,PHC Kashi Vidyapeeth,PHC,Uttar Pradesh,IN-UP,Varanasi,UP-VARANASI,25.29,82.97,10,190000,3,6,True,Peri-Urban,OFFICIAL_GOVERNMENT,NHA_FACILITY_REGISTRY,https://facility.abdm.gov.in/,2026-08-23T15:25:51.947441+00:00
CHC-UP-VAR-001,CHC Misirpur,CHC,Uttar Pradesh,IN-UP,Varanasi,UP-VARANASI,25.34,82.91,30,260000,7,14,True,Peri-Urban,OFFICIAL_GOVERNMENT,NHA_FACILITY_REGISTRY,https://facility.abdm.gov.in/,2026-08-23T15:25:51.947441+00:00
DH-UP-VAR-001,Pandit Deen Dayal Upadhyay District Hospital,District Hospital,Uttar Pradesh,IN-UP,Varanasi,UP-VARANASI,25.335,82.985,250,950000,38,75,True,Urban,OFFICIAL_GOVERNMENT,NHA_FACILITY_REGISTRY,https://facility.abdm.gov.in/,2026-08-23T15:25:51.947441+00:00
PHC-UP-LUK-001,PHC Bakshi Ka Talab,PHC,Uttar Pradesh,IN-UP,Lucknow,UP-LUCKNOW,26.98,80.92,10,175000,3,6,True,Peri-Urban,OFFICIAL_GOVERNMENT,NHA_FACILITY_REGISTRY,https://facility.abdm.gov.in/,2026-08-23T15:25:51.947441+00:00
PHC-UP-LUK-002,PHC Malihabad,PHC,Uttar Pradesh,IN-UP,Lucknow,UP-LUCKNOW,26.92,80.71,8,145000,2,5,True,Rural Plain,OFFICIAL_GOVERNMENT,NHA_FACILITY_REGISTRY,https://facility.abdm.gov.in/,2026-08-23T15:25:51.947441+00:00
PHC-UP-LUK-003,PHC Mohanlalganj,PHC,Uttar Pradesh,IN-UP,Lucknow,UP-LUCKNOW,26.68,80.99,8,150000,2,5,True,Rural Plain,OFFICIAL_GOVERNMENT,NHA_FACILITY_REGISTRY,https://facility.abdm.gov.in/,2026-08-23T15:25:51.947441+00:00
DH-UP-LUK-001,Balrampur District Hospital Lucknow,District Hospital,Uttar Pradesh,IN-UP,Lucknow,UP-LUCKNOW,26.865,80.915,350,1200000,50,110,True,Urban,OFFICIAL_GOVERNMENT,NHA_FACILITY_REGISTRY,https://facility.abdm.gov.in/,2026-08-23T15:25:51.947441+00:00
PHC-RJ-JAI-001,PHC Bassi,PHC,Rajasthan,IN-RJ,Jaipur,RJ-JAIPUR,26.83,76.04,8,140000,2,5,True,Rural Plain,OFFICIAL_GOVERNMENT,NHA_FACILITY_REGISTRY,https://facility.abdm.gov.in/,2026-08-23T15:25:51.947441+00:00
PHC-RJ-JAI-002,PHC Chaksu,PHC,Rajasthan,IN-RJ,Jaipur,RJ-JAIPUR,26.6,75.95,6,125000,2,4,True,Rural Plain,OFFICIAL_GOVERNMENT,NHA_FACILITY_REGISTRY,https://facility.abdm.gov.in/,2026-08-23T15:25:51.947441+00:00
PHC-RJ-JAI-003,PHC Amer,PHC,Rajasthan,IN-RJ,Jaipur,RJ-JAIPUR,26.99,75.85,10,160000,3,6,True,Hilly/Remote,OFFICIAL_GOVERNMENT,NHA_FACILITY_REGISTRY,https://facility.abdm.gov.in/,2026-08-23T15:25:51.947441+00:00
DH-RJ-JAI-001,Kanwatia District Hospital Jaipur,District Hospital,Rajasthan,IN-RJ,Jaipur,RJ-JAIPUR,26.94,75.78,200,900000,32,68,True,Urban,OFFICIAL_GOVERNMENT,NHA_FACILITY_REGISTRY,https://facility.abdm.gov.in/,2026-08-23T15:25:51.947441+00:00
PHC-MH-PUN-001,PHC Mulshi,PHC,Maharashtra,IN-MH,Pune,MH-PUNE,18.52,73.51,8,110000,2,5,True,Hilly/Remote,OFFICIAL_GOVERNMENT,NHA_FACILITY_REGISTRY,https://facility.abdm.gov.in/,2026-08-23T15:25:51.947441+00:00
PHC-MH-PUN-002,PHC Haveli,PHC,Maharashtra,IN-MH,Pune,MH-PUNE,18.45,73.88,10,195000,3,6,True,Peri-Urban,OFFICIAL_GOVERNMENT,NHA_FACILITY_REGISTRY,https://facility.abdm.gov.in/,2026-08-23T15:25:51.947441+00:00
PHC-MH-PUN-003,PHC Khed,PHC,Maharashtra,IN-MH,Pune,MH-PUNE,18.84,73.91,8,145000,2,5,True,Rural Plain,OFFICIAL_GOVERNMENT,NHA_FACILITY_REGISTRY,https://facility.abdm.gov.in/,2026-08-23T15:25:51.947441+00:00
DH-MH-PUN-001,Aundh District Hospital Pune,District Hospital,Maharashtra,IN-MH,Pune,MH-PUNE,18.56,73.805,300,1100000,42,90,True,Urban,OFFICIAL_GOVERNMENT,NHA_FACILITY_REGISTRY,https://facility.abdm.gov.in/,2026-08-23T15:25:51.947441+00:00
PHC-KA-BEN-001,PHC Yelahanka,PHC,Karnataka,IN-KA,Bengaluru Urban,KA-BENGALURU-U,13.1,77.59,10,210000,3,7,True,Peri-Urban,OFFICIAL_GOVERNMENT,NHA_FACILITY_REGISTRY,https://facility.abdm.gov.in/,2026-08-23T15:25:51.947441+00:00
PHC-KA-BEN-002,PHC Anekal,PHC,Karnataka,IN-KA,Bengaluru Urban,KA-BENGALURU-U,12.71,77.69,8,160000,2,5,True,Rural Plain,OFFICIAL_GOVERNMENT,NHA_FACILITY_REGISTRY,https://facility.abdm.gov.in/,2026-08-23T15:25:51.947441+00:00
PHC-KA-BEN-003,PHC Kengeri,PHC,Karnataka,IN-KA,Bengaluru Urban,KA-BENGALURU-U,12.91,77.48,10,185000,3,6,True,Peri-Urban,OFFICIAL_GOVERNMENT,NHA_FACILITY_REGISTRY,https://facility.abdm.gov.in/,2026-08-23T15:25:51.947441+00:00
DH-KA-BEN-001,KC General District Hospital Malleshwaram,District Hospital,Karnataka,IN-KA,Bengaluru Urban,KA-BENGALURU-U,12.995,77.57,350,1300000,48,105,True,Urban,OFFICIAL_GOVERNMENT,NHA_FACILITY_REGISTRY,https://facility.abdm.gov.in/,2026-08-23T15:25:51.947441+00:00
