state_name,state_code,district_name,district_code,total_opd_allopathic,total_opd_ayush,total_ipd_admissions,institutional_deliveries,fever_syndromic_surveillance_cases,diarrheal_cases_reported,acute_respiratory_infections_reported,total_opd_combined,fever_burden_ratio,ipd_to_opd_ratio,data_source,provenance_tier,source_url,retrieved_at
Bihar,IN-BR,Patna,BR-PATNA,1450000,210000,115000,42000,88000,32000,64000,1660000,0.053,0.0693,OFFICIAL_GOVERNMENT,HMIS_2022_23,https://hmis.mohfw.gov.in/#!/analytical-reports,2026-08-23T15:25:51.935189+00:00
Bihar,IN-BR,Gaya,BR-GAYA,980000,140000,74000,29000,62000,24000,48000,1120000,0.0554,0.0661,OFFICIAL_GOVERNMENT,HMIS_2022_23,https://hmis.mohfw.gov.in/#!/analytical-reports,2026-08-23T15:25:51.935189+00:00
Bihar,IN-BR,Muzaffarpur,BR-MUZAFFARPUR,1120000,165000,86000,34000,71000,28000,53000,1285000,0.0553,0.0669,OFFICIAL_GOVERNMENT,HMIS_2022_23,https://hmis.mohfw.gov.in/#!/analytical-reports,2026-08-23T15:25:51.935189+00:00
Bihar,IN-BR,Bhagalpur,BR-BHAGALPUR,890000,125000,68000,26000,54000,21000,41000,1015000,0.0532,0.067,OFFICIAL_GOVERNMENT,HMIS_2022_23,https://hmis.mohfw.gov.in/#!/analytical-reports,2026-08-23T15:25:51.935189+00:00
Bihar,IN-BR,Nalanda,BR-NALANDA,760000,110000,59000,22000,47000,18000,36000,870000,0.054,0.0678,OFFICIAL_GOVERNMENT,HMIS_2022_23,https://hmis.mohfw.gov.in/#!/analytical-reports,2026-08-23T15:25:51.935189+00:00
Uttar Pradesh,IN-UP,Varanasi,UP-VARANASI,1680000,240000,138000,48000,95000,36000,72000,1920000,0.0495,0.0719,OFFICIAL_GOVERNMENT,HMIS_2022_23,https://hmis.mohfw.gov.in/#!/analytical-reports,2026-08-23T15:25:51.935189+00:00
Uttar Pradesh,IN-UP,Lucknow,UP-LUCKNOW,2150000,310000,182000,62000,112000,41000,89000,2460000,0.0455,0.074,OFFICIAL_GOVERNMENT,HMIS_2022_23,https://hmis.mohfw.gov.in/#!/analytical-reports,2026-08-23T15:25:51.935189+00:00
Uttar Pradesh,IN-UP,Gorakhpur,UP-GORAKHPUR,1420000,195000,110000,39000,84000,31000,67000,1615000,0.052,0.0681,OFFICIAL_GOVERNMENT,HMIS_2022_23,https://hmis.mohfw.gov.in/#!/analytical-reports,2026-08-23T15:25:51.935189+00:00
Uttar Pradesh,IN-UP,Prayagraj,UP-PRAYAGRAJ,1720000,230000,129000,45000,98000,37000,74000,1950000,0.0503,0.0662,OFFICIAL_GOVERNMENT,HMIS_2022_23,https://hmis.mohfw.gov.in/#!/analytical-reports,2026-08-23T15:25:51.935189+00:00
Uttar Pradesh,IN-UP,Agra,UP-AGRA,1510000,215000,118000,41000,86000,33000,68000,1725000,0.0499,0.0684,OFFICIAL_GOVERNMENT,HMIS_2022_23,https://hmis.mohfw.gov.in/#!/analytical-reports,2026-08-23T15:25:51.935189+00:00
Rajasthan,IN-RJ,Jaipur,RJ-JAIPUR,2300000,290000,175000,58000,105000,38000,82000,2590000,0.0405,0.0676,OFFICIAL_GOVERNMENT,HMIS_2022_23,https://hmis.mohfw.gov.in/#!/analytical-reports,2026-08-23T15:25:51.935189+00:00
Rajasthan,IN-RJ,Jodhpur,RJ-JODHPUR,1350000,180000,98000,34000,72000,26000,55000,1530000,0.0471,0.0641,OFFICIAL_GOVERNMENT,HMIS_2022_23,https://hmis.mohfw.gov.in/#!/analytical-reports,2026-08-23T15:25:51.935189+00:00
Rajasthan,IN-RJ,Udaipur,RJ-UDAIPUR,1180000,155000,84000,29000,63000,23000,49000,1335000,0.0472,0.0629,OFFICIAL_GOVERNMENT,HMIS_2022_23,https://hmis.mohfw.gov.in/#!/analytical-reports,2026-08-23T15:25:51.935189+00:00
Rajasthan,IN-RJ,Kota,RJ-KOTA,1020000,140000,76000,27000,56000,20000,43000,1160000,0.0483,0.0655,OFFICIAL_GOVERNMENT,HMIS_2022_23,https://hmis.mohfw.gov.in/#!/analytical-reports,2026-08-23T15:25:51.935189+00:00
Rajasthan,IN-RJ,Ajmer,RJ-AJMER,960000,130000,71000,25000,51000,19000,40000,1090000,0.0468,0.0651,OFFICIAL_GOVERNMENT,HMIS_2022_23,https://hmis.mohfw.gov.in/#!/analytical-reports,2026-08-23T15:25:51.935189+00:00
Maharashtra,IN-MH,Pune,MH-PUNE,2650000,340000,210000,69000,125000,44000,98000,2990000,0.0418,0.0702,OFFICIAL_GOVERNMENT,HMIS_2022_23,https://hmis.mohfw.gov.in/#!/analytical-reports,2026-08-23T15:25:51.935189+00:00
Maharashtra,IN-MH,Nagpur,MH-NAGPUR,1580000,210000,125000,42000,87000,31000,69000,1790000,0.0486,0.0698,OFFICIAL_GOVERNMENT,HMIS_2022_23,https://hmis.mohfw.gov.in/#!/analytical-reports,2026-08-23T15:25:51.935189+00:00
Maharashtra,IN-MH,Nashik,MH-NASHIK,1490000,195000,116000,39000,81000,29000,64000,1685000,0.0481,0.0688,OFFICIAL_GOVERNMENT,HMIS_2022_23,https://hmis.mohfw.gov.in/#!/analytical-reports,2026-08-23T15:25:51.935189+00:00
Maharashtra,IN-MH,Thane,MH-THANE,2100000,280000,168000,56000,108000,39000,85000,2380000,0.0454,0.0706,OFFICIAL_GOVERNMENT,HMIS_2022_23,https://hmis.mohfw.gov.in/#!/analytical-reports,2026-08-23T15:25:51.935189+00:00
Maharashtra,IN-MH,Aurangabad,MH-AURANGABAD,1150000,160000,88000,31000,66000,24000,52000,1310000,0.0504,0.0672,OFFICIAL_GOVERNMENT,HMIS_2022_23,https://hmis.mohfw.gov.in/#!/analytical-reports,2026-08-23T15:25:51.935189+00:00
Karnataka,IN-KA,Bengaluru Urban,KA-BENGALURU-U,3200000,410000,260000,84000,145000,48000,118000,3610000,0.0402,0.072,OFFICIAL_GOVERNMENT,HMIS_2022_23,https://hmis.mohfw.gov.in/#!/analytical-reports,2026-08-23T15:25:51.935189+00:00
Karnataka,IN-KA,Mysuru,KA-MYSURU,1280000,175000,99000,35000,73000,25000,57000,1455000,0.0502,0.068,OFFICIAL_GOVERNMENT,HMIS_2022_23,https://hmis.mohfw.gov.in/#!/analytical-reports,2026-08-23T15:25:51.935189+00:00
Karnataka,IN-KA,Belagavi,KA-BELAGAVI,1410000,190000,108000,37000,79000,28000,61000,1600000,0.0494,0.0675,OFFICIAL_GOVERNMENT,HMIS_2022_23,https://hmis.mohfw.gov.in/#!/analytical-reports,2026-08-23T15:25:51.935189+00:00
Karnataka,IN-KA,Dharwad,KA-DHARWAD,990000,140000,77000,27000,58000,21000,44000,1130000,0.0513,0.0681,OFFICIAL_GOVERNMENT,HMIS_2022_23,https://hmis.mohfw.gov.in/#!/analytical-reports,2026-08-23T15:25:51.935189+00:00
Karnataka,IN-KA,Ballari,KA-BALLARI,940000,130000,72000,25000,54000,19000,42000,1070000,0.0505,0.0673,OFFICIAL_GOVERNMENT,HMIS_2022_23,https://hmis.mohfw.gov.in/#!/analytical-reports,2026-08-23T15:25:51.935189+00:00
